年份,省份,固定电话用户_万户,固定电话用户_比上年增减_万户,移动电话用户_万户,移动电话用户_比上年增减_万户,3G移动电话用户_万户,3G移动电话用户_占比_%,4G移动电话用户_万户,4G移动电话用户_比上年增减_万户,4G移动电话用户_占比_%,5G移动电话用户_万户,5G移动电话用户_占比_%,移动互联网用户_万户,移动互联网用户_比上年增减_万户,互联网宽带接入用户_万户,互联网宽带接入用户_比上年增减_万户,FTTH_O用户_万户,FTTH_O用户_比上年增减_万户,100M_1000M用户_万户,100M_1000M用户_比上年增减_万户,1000M及以上用户_万户,1000M及以上用户_比上年增减_万户,城市宽带接入用户_万户,农村宽带接入用户_万户,互联网电视用户_万户,互联网电视用户_比上年增减_万户,电信业务总量_上年不变单价_亿元,电信业务总量同比_%,固定电话主叫通话时长_万分钟,固定电话主叫通话时长同比_%,其中_国际及港澳台通话时长_万分钟,移动电话通话时长_万分钟,通话时长同比_%,去话通话时长_万分钟,去话同比_%,来话通话时长_万分钟,来话同比_%,移动互联网流量_万GB,流量同比增长率_%,短信业务量_万条,点对点短信_万条,彩信业务量_万条,固话互联互通时长_万分钟,固话互联互通同比_%,移动互联互通时长_万分钟,移动互联互通同比_%,短信互联互通_万条,短信互联互通同比_%,光缆线路长度_公里,长途光缆长度_公里,移动电话交换机容量_万户,移动电话基站_万个,互联网宽带接入端口_万个,FTTH_O端口_万个,互联网省际出口带宽_Mbps,省际出口带宽同比增减_Mbps,电信业务收入_万元,电信业务成本_万元,电信利润总额_万元,资产总额_万元,固定资产原值_万元,全部从业人员期末人数_人,电信固定资产投资_万元,固定电话普及率_部每百人,移动电话普及率_部每百人,互联网宽带接入普及率_%,城市互联网宽带接入普及率_%,农村互联网宽带接入普及率_%,家庭互联网宽带接入普及率_%
2020,北京,480.6,-62.5,3906.4,-113.4,62.3,1.6,3159.7,-131.9,80.9,,,3272.9,-16.4,747.3,59.2,719.4,57.4,653.7,46.8,23.1,15.0,652.9,94.4,326.6,15.3,476.8,13.0,536330.7,-21.7,2389.6,9580053.6,-11.5,5118773.4,-12.2,4461280.2,-10.6,383027.4,29.8,10042435.7,235279.4,378229.4,301626.0,-11.2,2024866.8,-10.3,76228.7,-33.3,440119,4160,9340.0,24.6,2084.1,1945.8,26782500,17600000,6371244.8,4090535.1,1558246.3,13408791.2,17973828.0,22600.0,1366492.4,22.0,178.4,34.1,34.1,34.6,82.2
2020,天津,325.8,-23.3,1711.0,6.3,35.8,2.1,1425.2,16.1,83.3,,,1488.8,38.1,534.6,11.0,516.1,40.6,509.5,32.0,3.7,3.0,481.8,52.8,344.5,33.0,168.4,21.5,139666.4,-5.8,231.9,5144749.9,-4.2,2627137.3,-3.7,2517612.5,-4.8,189491.2,39.0,1489091.5,113457.9,83976.0,79703.3,-9.9,1077135.2,-5.2,22863.1,-46.5,376892,4585,3036.0,11.4,1254.6,1172.7,26700000,30350000,1441560.8,1211344.7,7218.9,3187509.9,5629905.6,12343.0,500312.5,23.5,123.4,38.6,41.0,24.9,99.8
2020,河北,652.1,-53.1,8336.0,20.4,123.3,1.5,6740.9,144.3,80.9,,,7104.0,188.8,2534.4,174.7,2362.9,120.0,2205.1,237.3,10.2,8.5,1495.4,1038.9,1680.1,36.8,636.5,18.4,571848.2,-24.7,51.1,19720126.3,-8.0,9643327.7,-7.7,10076798.7,-8.2,721397.2,31.7,8693745.8,238802.9,72017.1,360142.6,-19.6,3864986.9,-6.9,93302.3,-8.8,2230110,37419,15592.5,42.8,4598.2,4435.8,40480000,10100000,4824222.2,3462214.1,399069.8,9703499.4,15907436.1,40926.0,1382945.9,8.7,111.7,34.0,33.4,34.9,89.7
2020,上海,636.5,-6.9,4277.6,269.7,176.3,4.1,3246.2,-353.5,75.9,,,3365.7,168.3,919.0,28.8,862.0,37.0,717.2,8.3,47.3,22.6,916.2,2.7,565.0,4.4,472.6,14.7,842926.1,-2.7,4872.6,8417763.4,-5.2,4343541.7,-5.4,4074221.7,-4.9,309548.1,33.8,8403913.4,216832.5,158800.3,336763.3,0.8,1756510.7,-5.6,102979.6,4.5,697997,5034,6464.0,17.8,2322.0,2037.3,29500000,2160000,5961369.0,3857423.9,980224.5,15408286.9,16596749.4,20198.0,1209359.9,25.6,172.0,36.9,36.8,0.0,84.2
2020,江苏,1265.3,-63.8,9897.1,-268.9,118.8,1.2,8046.3,-343.3,81.3,,,8428.7,-23.9,3756.8,171.1,3462.6,159.7,3181.6,77.2,117.0,114.4,2340.4,1416.4,2285.2,93.3,1074.5,14.8,727329.6,-24.3,1216.4,27085568.0,-5.8,13401508.7,-6.1,13684059.4,-5.5,1090420.1,27.9,11328766.1,345534.0,352706.9,324148.0,-29.9,4468441.9,-5.4,201466.4,-17.1,3990069,40429,22838.1,61.6,7224.9,6463.3,68680000,14540000,10257265.8,6366959.9,2018212.3,21240648.1,25036302.0,49693.0,2761103.1,14.9,116.8,44.3,37.6,62.9,107.6
2020,浙江,1264.8,-45.0,8585.2,-151.2,102.4,1.2,6876.7,-36.0,80.1,,,7041.1,-5.9,2938.8,159.9,2692.9,186.8,2575.0,181.1,55.7,41.5,2046.1,892.7,1550.3,21.7,949.8,19.6,601355.1,-20.8,592.9,24191994.0,-5.3,12065583.6,-5.8,12126410.4,-4.8,1011058.1,32.7,10105583.3,336693.5,377593.6,364827.9,-14.0,3055282.9,-6.3,202038.1,19.7,3497879,27024,15414.3,59.7,6031.5,5350.5,17359127,2720000,8537701.5,5615774.3,1665003.5,20251552.2,22444847.7,41301.0,2448487.0,19.6,133.0,45.5,43.9,49.7,94.6
2020,福建,733.1,-30.6,4739.3,19.0,83.4,1.8,3900.9,22.3,82.3,,,3979.6,63.8,1831.0,52.0,1689.5,55.8,1572.4,83.2,2.1,1.8,1253.5,577.6,1115.0,20.7,479.1,15.7,344166.8,-19.9,953.9,14745551.5,-5.9,7327988.0,-6.3,7417563.4,-5.4,459695.0,29.1,11382258.2,237605.2,130474.0,183530.5,-15.5,2650862.5,-5.8,179783.6,44.7,1548884,25010,8861.6,32.3,3370.0,3110.4,33900000,4460000,4488144.7,3008193.7,760418.5,9871096.5,13950037.0,27827.0,1225702.2,17.6,114.1,44.1,43.9,44.5,111.1
2020,山东,1125.2,-60.0,10907.1,121.6,316.8,2.9,8450.1,337.4,77.5,,,8761.3,-93.8,3445.6,259.5,3202.8,302.4,3181.8,293.8,2.3,2.2,2374.7,1070.9,2262.9,101.1,853.4,21.1,729019.7,-9.9,440.9,36772823.4,-1.4,18256672.8,-1.6,18516150.6,-1.2,857508.8,32.5,17813528.1,344638.7,209703.3,422123.3,-7.3,6180518.1,6.7,120285.3,-27.1,2630547,39375,13193.4,58.0,6756.8,6323.0,52685200,2661600,6970731.8,4600849.8,1169772.4,13051753.6,20603248.9,50415.0,2067762.3,11.1,107.4,33.9,37.1,28.5,87.9
2020,广东,2131.9,-171.4,15536.9,-996.1,250.6,1.6,13724.0,-583.9,88.3,,,14251.4,51.1,3890.0,88.4,3587.3,96.8,3410.1,223.7,37.7,28.7,2873.0,1017.0,2408.7,249.0,1711.7,19.5,1431720.0,3.2,7149.3,41031439.7,-9.6,20853929.1,-9.9,20177510.6,-9.4,1840549.2,33.4,15571625.9,564496.1,232724.1,835199.1,-3.7,5591839.2,-8.9,293819.9,-6.1,3223399,57751,23803.8,83.8,8653.2,7951.9,55340000,1800000,17218241.5,10706987.0,4740520.0,49485259.2,43894139.1,84943.0,4176390.2,16.9,123.3,30.9,30.7,31.2,76.7
2020,海南,166.4,-4.7,1135.2,-0.4,13.0,1.1,917.4,-7.1,80.8,,,964.0,32.5,351.5,28.3,341.4,42.0,311.6,53.8,1.3,1.3,240.3,111.2,220.6,15.6,117.1,21.7,45364.2,-31.4,113.2,3533017.9,-8.7,2092153.8,-7.7,1440864.1,-10.2,137800.8,37.2,1325530.4,258726.9,25524.4,30608.5,-18.1,601852.1,-5.4,92104.5,97.2,322957,3175,2559.0,8.2,852.3,807.8,9087520,1080480,1072092.5,773866.7,128717.0,2022893.0,3077198.1,6844.0,323306.8,16.5,112.6,34.9,39.5,27.8,102.9
2020,山西,244.4,-21.8,4022.8,35.6,72.1,1.8,3318.0,115.7,82.5,,,3266.3,124.0,1252.1,126.0,1226.4,129.0,1172.4,135.0,2.0,1.9,1018.5,233.6,662.4,4.1,318.3,18.6,106554.8,-12.9,8.9,12476480.7,-3.5,6187746.5,-4.0,6287343.4,-3.0,365455.1,35.8,4313692.7,223559.1,196764.9,90023.3,-9.2,2062958.2,-5.2,51015.1,-18.7,1319319,32154,7699.2,26.0,2322.3,2252.7,24400000,5670000,2510407.2,1976882.7,55536.1,5270570.9,9674742.0,27698.0,917754.6,7.0,115.2,35.9,46.7,17.9,86.7
2020,安徽,559.5,-11.3,6025.6,181.4,101.1,1.7,4752.2,245.9,78.9,,,5010.5,219.6,2093.0,228.3,1948.7,238.9,1828.4,191.1,0.6,0.5,1290.9,802.1,1584.5,203.6,536.0,19.6,328400.4,-10.9,98.0,14333744.8,-4.8,6920611.0,-4.6,7413133.8,-5.1,614702.3,33.0,7128385.8,245399.8,36755.2,145933.6,-8.4,2633299.3,-5.1,96198.7,-21.6,2371261,35551,8224.3,31.0,3543.7,3394.4,33844400,19467856,4210522.0,2731915.5,694162.7,8234716.9,11103541.5,30926.0,1206991.9,9.2,98.7,34.3,36.3,31.5,77.0
2020,江西,482.4,24.9,4249.4,92.3,51.0,1.2,3300.6,32.6,77.7,,,3599.3,92.8,1510.5,61.7,1449.1,100.4,1366.4,113.5,13.6,13.6,992.0,518.5,1115.6,60.7,376.9,17.8,181441.0,-22.5,37.8,11183403.9,-6.9,5484723.1,-6.6,5698680.8,-7.2,429567.4,31.7,2695176.3,187549.7,479606.7,104077.9,-13.9,1547322.0,-8.4,51280.4,-27.4,2146725,33442,7285.9,26.2,2532.9,2409.4,11990000,2187500,3082391.5,2025018.3,413726.7,5747799.5,7959799.9,24151.0,960145.6,10.7,94.0,33.4,36.3,29.0,91.0
2020,河南,667.2,-90.6,10051.4,210.3,253.6,2.5,8282.1,214.7,82.4,,,8748.7,503.0,3090.9,321.7,2985.0,373.8,3038.2,545.2,24.1,23.9,2189.2,901.7,1868.0,92.8,824.2,23.6,351799.2,-19.0,87.4,28097853.4,-5.2,13696214.9,-4.8,14401638.6,-5.6,946343.4,38.0,9956116.0,501116.3,123021.9,316587.4,-19.3,5326299.6,-4.5,187723.6,15.4,1764805,35898,14094.2,49.4,4934.5,4840.2,27050000,-12230000,6766568.8,4484967.0,1148830.7,12194850.9,17702077.6,46253.0,2019628.9,6.7,101.2,31.1,39.7,20.4,86.2
2020,湖北,481.6,-37.3,5681.1,-7.0,101.7,1.8,4615.4,120.0,81.2,,,4789.7,154.1,1870.2,161.8,1781.3,158.4,1615.9,234.8,8.1,7.6,1299.9,570.3,1216.2,105.3,464.1,15.7,233313.9,-38.3,72.8,14660472.9,-7.9,7152570.9,-8.0,7507902.0,-7.8,506671.9,32.4,4487369.6,245450.4,269022.9,203330.9,-6.2,2901868.9,-5.7,74580.7,-47.5,1980710,32139,8592.3,32.5,3221.4,2903.0,28230000,7236200,4521127.2,2948388.3,791021.0,8930061.2,13032670.0,35582.0,1217988.4,8.3,98.4,32.4,35.8,26.6,78.6
2020,湖南,592.4,-30.7,6719.4,71.3,99.4,1.5,5417.2,140.5,80.6,,,5771.2,281.5,2113.2,239.4,1953.0,239.9,1760.5,278.3,7.9,7.6,1411.5,701.6,1444.1,142.6,569.0,22.4,503046.8,10.7,60.9,19628166.2,-2.1,9641435.2,-1.5,9986730.9,-2.7,708985.8,44.3,5318410.7,302840.8,218281.0,188999.1,0.8,3736307.4,-1.0,141195.2,4.1,2143014,42650,10695.0,36.6,3242.4,3051.0,9200000,-6060000,4713176.5,3055413.0,626830.1,8359989.7,12037343.6,35611.0,1372340.2,8.9,101.1,31.8,36.2,25.6,81.2
2020,内蒙古,198.7,-15.7,2962.2,-49.4,52.4,1.8,2404.6,18.1,81.2,,,2574.3,-31.9,722.9,40.4,689.3,49.6,678.3,64.8,1.5,0.8,635.7,87.3,467.4,32.9,252.2,17.3,109147.1,-27.5,7.7,9149762.2,-5.8,4559263.6,-6.0,4590498.7,-5.7,326112.4,33.4,1963330.2,126735.3,52415.8,80166.7,-25.1,1559108.7,2.9,45733.9,-17.5,1538619,70781,6136.3,18.6,1441.3,1351.5,10844000,2600000,2070913.6,1764030.9,-166953.9,4508425.0,9216135.9,28080.0,681185.0,8.3,123.2,30.1,39.2,11.2,67.6
2020,广西,333.6,2.9,5332.9,205.5,70.3,1.3,4516.2,244.3,84.7,,,4799.3,349.1,1650.8,203.4,1574.9,212.2,1335.2,119.2,145.8,143.9,950.2,700.7,1004.2,143.1,453.4,27.6,248792.1,-10.4,25.2,11860692.3,-9.2,5859057.2,-9.1,6001635.1,-9.4,602045.7,42.7,3984686.5,161217.9,53077.4,114825.4,-11.5,2130032.0,-8.4,70389.0,-30.0,2206241,41543,12012.0,27.1,3356.2,2991.6,36440000,11530000,3554739.0,2617301.0,293328.8,6861908.5,9713773.8,25008.0,1180333.3,6.7,106.4,32.9,35.0,30.5,91.8
2020,重庆,600.1,-4.1,3640.1,-38.7,55.2,1.5,2929.5,32.1,80.5,,,3117.2,101.1,1228.4,64.4,1149.9,77.7,1042.9,46.8,4.5,4.0,975.4,253.0,885.6,29.9,327.7,15.8,217932.5,-16.8,127.5,11974213.8,-0.7,6068924.1,-9.9,5905289.7,11.0,383996.9,28.0,3738322.6,163983.4,620490.6,113813.6,-16.9,2377988.8,-1.2,58141.7,-19.5,1291878,6067,5285.0,24.2,2368.8,2253.8,17430400,1348800,2687763.8,2065337.3,149163.6,5233770.9,9276887.5,15489.0,1022671.8,18.7,113.6,38.3,43.8,25.8,90.1
2020,四川,1885.0,13.2,9124.6,-318.9,129.6,1.4,7115.7,-173.0,78.0,,,7521.4,243.7,2975.5,163.7,2893.9,209.6,2577.5,332.4,88.9,79.1,1866.2,1109.2,2777.6,85.9,789.4,27.4,562879.7,-23.3,108.8,23797520.4,-13.2,12206267.7,-11.2,11591252.7,-15.3,900789.3,54.2,13038647.8,418521.0,244809.3,217858.2,-17.5,4932904.4,-1.5,142724.5,-30.4,3535457,125048,16869.6,48.3,6284.7,6135.4,31955124,-247868,6611734.8,4686169.4,751236.4,12033333.4,17808218.9,44503.0,1887095.1,22.5,109.0,35.6,39.3,30.6,83.0
2020,贵州,223.1,-6.6,4093.5,43.8,44.5,1.1,3360.9,80.6,82.1,,,3597.4,77.3,1002.4,109.5,912.2,98.0,913.7,164.0,3.5,3.3,778.1,224.3,688.1,80.8,443.0,24.1,86797.6,-20.2,4.9,14303240.4,-2.9,7177271.7,-2.4,7125968.7,-3.4,638807.0,38.6,2449103.6,207650.0,30872.9,67642.2,-6.1,2310359.1,1.4,79160.7,-20.4,1230460,35463,6702.0,27.9,1744.5,1592.8,18337280,3310880,3140452.4,2111649.9,468675.4,5371190.2,8197610.1,17950.0,895158.6,5.8,106.2,26.0,38.0,12.4,68.8
2020,云南,274.6,-13.2,4953.4,90.4,37.0,0.7,3834.5,134.6,77.4,,,3945.4,116.1,1278.1,122.0,1174.5,113.3,1153.8,339.1,3.4,3.3,874.1,404.0,814.4,146.3,503.0,25.2,173510.9,-27.5,16.0,17153248.4,-1.3,8509223.4,-1.5,8644025.0,-1.0,712404.1,44.3,3647650.7,228199.1,93976.7,105488.5,-8.4,1969141.5,0.7,74959.9,-23.4,2222145,59529,6194.0,33.1,2218.0,2048.3,17550000,3750000,3751633.1,2503028.9,541480.6,6730549.1,10415529.7,21261.0,1082833.2,5.8,104.9,27.1,37.0,17.1,69.6
2020,西藏,75.7,4.1,321.9,0.5,7.6,2.4,268.9,3.6,83.5,,,279.1,11.8,96.3,4.9,93.1,5.9,85.3,15.2,0.1,-0.1,71.6,24.8,49.8,-6.5,52.9,36.0,14558.7,275.8,16.2,1324107.4,-0.8,680584.4,-7.7,643523.0,7.7,56444.2,64.2,256089.4,78517.3,5411.4,31943.1,-22.8,261848.5,-19.1,12330.7,-26.5,247669,40607,2820.0,5.6,219.0,203.0,2045900,1170970,538599.9,516748.2,-173824.0,1616833.9,2294777.7,4865.0,295012.2,20.8,88.2,26.4,54.9,10.6,75.9
2020,陕西,637.0,-4.7,4589.7,-50.8,68.7,1.5,3733.1,-62.1,81.3,,,3876.2,36.4,1369.0,171.3,1239.6,136.5,1252.4,230.1,7.3,6.9,1022.4,346.6,994.1,137.1,417.5,17.9,237711.3,-24.3,36.2,12695284.3,-7.5,6278873.0,-7.5,6416411.3,-7.5,516736.9,31.4,6086015.3,163673.2,162757.3,131825.6,-17.6,2457867.9,-6.1,68768.5,-33.9,1695298,40257,5071.3,29.2,2576.5,2276.1,21560000,-9230000,3520185.2,2534839.1,331897.7,6367304.3,10474413.6,29095.0,991344.0,16.1,116.1,34.6,41.3,23.5,85.0
2020,甘肃,309.8,-22.0,2673.8,-77.3,49.6,1.9,2175.4,-30.1,81.4,,,2298.6,-24.4,931.4,60.7,896.8,66.6,841.4,49.3,20.6,11.1,595.4,336.0,644.8,32.8,262.5,22.2,75197.9,-16.1,7.1,7613362.0,-7.2,3733200.2,-7.0,3880161.9,-7.3,319035.2,40.5,1884318.1,121123.8,22920.2,51998.3,-10.3,1475257.8,-9.6,49772.7,-21.9,938821,39961,5549.6,18.6,1460.6,1404.4,14826880,2376320,1907509.5,1563783.2,-97059.1,3908971.4,6459385.6,15135.0,627106.3,12.4,106.9,37.2,45.6,28.1,87.2
2020,青海,132.1,6.7,659.4,-13.7,11.8,1.8,552.8,-4.3,83.8,,,581.1,16.5,182.0,7.4,170.6,7.0,176.9,17.7,1.0,1.0,131.9,50.1,125.4,6.3,75.0,21.3,22572.5,-32.3,0.4,1696077.0,-10.5,858417.1,-7.8,837659.9,-13.2,105268.7,38.3,676834.7,36074.3,17873.0,12263.8,-10.4,367671.3,-7.7,13265.2,-12.4,375296,43616,927.0,5.7,412.8,403.6,4220000,1080000,535656.7,491589.8,-114592.6,1367137.3,2233573.5,5933.0,236921.8,22.3,111.3,30.7,37.0,21.2,75.3
2020,宁夏,51.4,-2.5,839.2,10.9,11.0,1.3,692.0,9.9,82.5,,,712.7,27.0,283.6,24.6,276.1,24.9,275.0,43.7,0.8,0.5,221.9,61.7,232.8,18.7,89.2,22.6,26748.1,-7.0,2.6,2157191.8,-6.7,1087194.2,-6.7,1069997.6,-6.8,115767.2,32.3,802072.9,80459.8,10350.9,18731.1,-7.8,431812.2,-7.2,18827.1,-31.1,269378,10463,1633.0,5.3,550.0,543.2,4440000,300000,596382.0,535706.4,-93107.7,1376293.3,2312848.9,6105.0,216757.8,7.1,116.5,39.4,47.4,24.4,100.1
2020,新疆,403.3,-13.6,2846.6,101.6,611.1,21.5,1637.3,146.7,57.5,,,2359.2,221.0,883.9,108.0,857.1,119.3,773.5,105.9,3.3,2.9,648.2,235.6,746.7,106.9,314.0,36.1,174231.1,-23.1,9.8,12628385.6,0.5,6430033.1,-1.0,6198352.4,2.1,372772.7,65.3,2096743.3,178409.0,181018.4,121955.5,13.1,2795896.5,-0.9,82564.2,-26.3,1402370,47079,6618.0,21.8,1943.8,1792.7,8500000,3480000,2366204.8,2018990.0,-219150.6,4923894.1,8679050.3,20539.0,754406.1,16.0,112.8,35.0,44.4,21.0,91.9
2020,辽宁,540.5,-88.1,4873.8,-9.8,103.4,2.1,4059.8,116.7,83.3,,,3921.8,-140.5,1331.2,100.8,1277.2,118.9,1214.1,134.3,1.9,1.8,1254.3,77.0,648.1,59.9,379.3,20.0,349873.3,-14.4,415.5,14707289.1,-6.2,7342302.4,-5.7,7364986.8,-6.7,402866.6,30.6,2886816.4,137204.1,50946.3,204295.0,-14.5,2282531.8,-7.1,37284.8,-40.6,1644879,23141,6795.2,30.4,3305.2,3064.2,25684800,10399520,3681225.8,2680559.4,282490.9,7625899.0,13216948.2,33173.0,1091709.5,12.7,114.4,31.3,40.8,6.5,69.2
2020,吉林,417.8,-39.6,2870.1,-27.6,72.4,2.5,2321.8,104.2,80.9,,,2445.0,140.2,654.2,35.9,604.9,46.7,576.8,48.1,0.3,0.2,541.6,112.6,319.4,35.6,226.0,21.3,140165.8,15.0,153.2,8017295.0,-7.9,3984789.3,-7.5,4032485.7,-8.2,282103.5,28.7,1704463.5,72578.8,30099.2,96975.9,-6.0,1474966.5,-8.0,25708.9,-50.6,909123,26743,5143.0,14.7,1651.2,1525.9,11780000,760000,1599067.3,1445620.7,-216692.2,3797288.9,7573861.5,22718.0,582668.9,17.4,119.2,27.2,35.9,12.5,63.8
2020,黑龙江,298.8,-41.1,3844.4,-84.6,71.0,1.8,3101.4,123.9,80.7,,,2980.3,78.6,886.3,38.1,824.1,49.8,826.8,76.0,0.5,0.5,722.1,164.2,467.2,9.8,229.1,13.9,145130.0,-28.4,20.0,9964409.2,-8.3,4895477.0,-8.2,5068932.1,-8.4,249445.3,26.7,2685879.7,104285.6,39908.5,102407.8,-16.5,1782722.1,-9.5,31642.6,-32.1,1499730,51829,9117.8,18.6,2127.5,1941.6,10498560,-160000,2173717.4,1853375.3,-105402.8,5041184.0,9407249.3,33668.0,787747.5,9.4,120.7,27.8,34.6,15.0,62.2
2021,北京,485.2,4.6,3972.0,65.6,,,2473.1,,62.3,1014.2,25.5,3379.4,106.6,806.3,59.0,777.6,58.2,706.5,52.8,63.5,40.5,713.2,93.0,374.8,48.2,513.0,31.0,428273.6,-20.2,1331.8,9061741.7,-5.4,4775394.3,-6.7,4286347.4,-3.9,509995.6,33.2,11441383.4,179762.0,41048.6,263307.9,-12.7,1914451.3,-5.5,112153.2,47.1,471875,4097,10750.0,27.0,2030.8,1934.7,60508800,33726300,6826207.9,4488980.4,1652682.8,13614387.2,18563198.3,22416.0,1200894.5,22.2,181.5,36.8,37.2,34.1,88.7
2021,天津,331.1,5.3,1745.1,34.1,,,1196.3,,68.6,375.1,21.5,1536.8,48.0,584.5,49.9,559.5,43.5,499.5,-9.9,68.5,64.8,524.8,59.8,388.5,44.0,207.7,31.6,116640.2,-16.5,106.3,5176393.9,0.6,2645177.2,0.7,2531216.7,0.5,264964.3,39.8,1508853.9,110086.7,51003.6,67819.4,-14.9,1081452.3,0.4,35259.4,54.2,325076,3990,3036.0,12.9,1352.5,1269.5,32430360,5730360,1533325.3,1294845.8,23279.8,3012111.2,5918351.9,12319.0,442883.1,24.1,127.1,42.6,45.0,28.7,108.9
2021,河北,671.1,18.9,8643.5,307.5,,,5906.1,,68.3,1675.1,19.4,7512.5,408.5,2796.9,262.5,2666.9,303.9,2335.9,130.7,177.2,166.9,1664.1,1132.8,1815.5,135.3,756.6,30.8,489903.7,-14.3,34.7,19668870.9,-0.3,9605979.3,-0.4,10062891.6,-0.1,942519.9,30.7,8928698.1,238643.3,60677.1,321643.9,-10.7,3945785.4,2.1,133497.7,43.1,2300354,37449,15549.7,44.7,5012.5,4836.1,48684000,8204000,5220327.9,3803592.3,436070.2,9553250.2,16728651.3,40355.0,1486475.6,9.0,116.1,37.6,36.5,39.1,98.8
2021,上海,642.0,5.5,4398.8,121.2,,,2730.1,,62.1,926.3,21.1,3616.6,250.9,995.4,76.5,938.7,76.7,749.0,31.8,150.6,103.3,988.6,6.9,559.5,-5.4,574.6,21.2,827511.7,-1.8,3140.2,8308132.4,-1.3,4270378.5,-1.7,4037753.9,-0.9,421262.1,36.1,8195839.8,188767.2,131483.2,321869.1,-4.4,1739842.3,-1.0,109690.1,6.5,713202,4765,7099.0,19.9,2340.4,2183.9,67180640,37680640,6335561.7,4207903.9,1015866.5,15620042.3,16798140.4,19924.0,1082395.0,25.8,176.7,40.0,44.5,2.6,92.2
2021,江苏,1205.5,-59.9,10179.5,282.4,,,6296.9,,61.9,2479.3,24.4,8753.6,325.0,4071.6,314.8,3767.8,305.3,3220.5,38.9,511.4,394.5,2510.9,1560.7,2494.3,209.0,1328.8,32.1,638344.7,-12.2,776.2,26802628.4,-1.0,13275857.2,-0.9,13526771.2,-1.2,1460513.3,33.9,9792909.1,335369.6,226378.9,284279.9,-12.3,4496057.3,0.6,225082.4,11.7,4158883,39572,22838.1,66.7,7464.3,6748.1,107188480,38508480,11355060.1,6961724.2,2242724.4,21775317.4,25327215.2,49434.0,2627783.4,14.2,119.7,47.9,39.9,70.4,115.3
2021,浙江,1152.3,-112.5,8859.6,274.5,,,5375.3,,60.7,2121.5,23.9,7483.4,442.3,3117.0,178.2,2838.6,145.7,2621.0,46.0,275.5,219.8,2191.8,925.3,1716.3,166.0,1105.4,28.4,593929.3,-1.2,413.5,24131108.6,-0.3,11991255.4,-0.6,12139853.2,0.1,1360931.7,34.6,8930310.3,335879.8,339970.9,393768.1,7.9,3076266.2,0.7,567956.5,181.1,3714745,27983,15413.7,62.8,6237.8,5577.2,102569504,85210377,9674986.9,6347599.0,1959277.4,20550087.2,22888762.5,41237.0,2265977.3,17.6,135.5,47.7,46.1,51.7,99.4
2021,福建,707.2,-25.9,4824.3,85.0,,,3091.3,,64.1,991.1,20.5,4146.6,167.0,1985.1,154.1,1841.4,151.9,1785.6,213.2,62.0,59.9,1383.8,601.4,1182.0,67.0,530.5,22.3,336957.8,-2.1,740.4,14830366.9,0.6,7411669.3,1.1,7418697.6,0.0,606821.9,32.0,10757796.5,181008.8,105505.7,175504.4,-4.4,2700608.2,1.9,116440.5,-35.2,1683409,26218,8861.6,34.5,3546.6,3253.6,40450400,6550400,4743364.2,3302264.6,651615.0,9960471.7,14138292.7,27558.0,1107267.3,16.9,115.2,47.4,47.4,47.4,119.2
2021,山东,1107.5,-17.7,11248.5,341.4,,,7134.1,,63.4,2259.8,20.1,9368.0,606.7,3863.7,418.1,3656.8,454.0,3516.4,334.7,242.1,239.9,2736.1,1127.6,2464.9,201.9,1016.1,31.5,695917.5,-4.5,298.7,37497470.6,2.0,18592692.6,1.8,18904778.0,2.1,1256955.9,46.6,14142787.7,407794.4,481802.6,383981.6,-9.0,6354491.4,2.8,188763.8,56.9,2749109,33452,14692.4,60.9,7037.0,6703.8,69529600,16844400,7615900.8,5008565.8,1332105.6,13401275.7,21072143.1,49622.0,2219229.2,10.9,110.6,38.0,42.1,30.7,97.5
2021,广东,2072.2,-59.7,16267.8,730.9,,,10965.0,,67.4,4096.0,25.2,15070.3,818.9,4277.7,387.7,3950.0,362.7,3509.2,99.1,364.1,326.4,3243.7,1034.1,2788.1,379.3,1932.4,27.2,1397405.8,-2.4,5597.8,39458996.0,-3.8,20050915.5,-3.9,19408080.5,-3.8,2466758.8,34.0,18042388.1,611035.3,369127.7,837763.8,0.3,5502447.2,-1.6,345233.0,17.5,3483503,57870,23803.8,90.5,9333.7,8691.6,97143120,41803120,18469517.2,11733605.4,4835730.8,51446217.4,44753934.6,83563.0,3793659.9,16.3,128.3,33.7,34.3,32.1,86.2
2021,海南,173.7,7.4,1158.9,23.6,,,734.9,,63.4,262.3,22.6,989.4,25.5,450.2,98.7,438.9,97.5,409.4,97.9,9.4,8.1,307.8,142.4,271.9,51.3,135.8,26.7,43300.6,-4.6,44.3,3485272.6,-1.4,2075135.4,-0.8,1410137.3,-2.1,183155.8,32.9,1146217.3,185885.2,20412.6,29610.2,-3.3,573875.3,-4.7,45648.7,-50.4,361365,2893,1964.0,8.7,1096.0,1057.5,11207520,2120000,1159117.5,848789.0,118246.5,2055673.8,3182773.2,6694.0,364146.1,17.0,113.6,44.1,49.5,35.7,128.3
2021,山西,262.7,18.3,4126.0,103.2,,,2760.2,,66.9,900.1,21.8,3325.8,59.5,1350.4,98.3,1321.5,95.1,1312.0,139.6,8.2,6.3,1098.4,252.0,745.1,82.7,374.6,23.1,97874.3,-8.2,4.2,12706515.9,1.8,6316230.6,2.1,6390285.3,1.6,486348.0,33.1,4820053.7,145970.5,95326.4,77888.2,-13.5,1924460.7,-6.7,52255.4,2.4,1476041,32693,7699.2,28.5,2478.7,2429.2,40319360,15919360,2683205.4,2144900.9,58769.0,5119660.6,9836309.9,27427.0,945440.8,7.5,118.5,38.8,49.8,19.8,94.8
2021,安徽,541.0,-18.5,6192.6,167.1,,,3978.5,,64.2,1263.9,20.4,5276.7,266.2,2335.8,242.8,2178.4,229.7,2033.2,204.9,63.0,62.4,1409.0,926.8,1627.0,42.5,602.4,24.8,263462.2,-19.8,74.4,14511150.4,1.2,7023735.9,1.5,7487414.5,1.0,822893.4,33.9,6151366.2,212263.9,20008.9,133269.1,-8.7,2671405.6,1.5,124605.4,29.5,2525823,39245,8224.3,33.3,3889.0,3751.4,48506000,14661600,4601001.1,2963084.3,777435.2,8311321.6,11728809.9,31044.0,1224008.8,8.9,101.3,38.2,38.8,37.3,86.9
2021,江西,474.0,-8.3,4496.8,247.4,,,2741.8,,61.0,948.8,21.1,3855.9,256.7,1700.2,189.6,1637.3,188.2,1472.9,106.5,89.1,75.4,1143.4,556.8,1249.2,133.6,428.0,31.3,157467.3,-13.2,32.7,11076094.0,-1.0,5413769.7,-1.3,5662324.3,-0.6,581623.7,35.4,2727925.8,152239.4,402128.8,96568.4,-7.2,1548924.6,0.1,52693.2,2.8,2338701,33532,6718.0,28.1,2642.3,2536.7,34547280,22557280,3385470.1,2235978.6,470367.3,5830354.4,8245934.5,23744.0,963985.7,10.5,99.5,37.6,41.2,32.0,101.2
2021,河南,677.5,10.3,10352.6,301.3,,,6878.1,,66.4,2259.5,21.8,9136.6,387.9,3505.8,414.9,3370.9,385.8,3221.9,183.7,246.1,222.0,2508.0,997.8,1923.4,55.4,994.7,34.6,333381.9,-5.2,32.2,28490472.5,1.4,13919935.3,1.6,14570537.2,1.2,1378722.0,45.7,12146702.4,428445.7,98598.0,287763.4,-9.1,5452547.0,2.4,190514.7,1.5,2009504,39280,15761.8,52.6,5631.0,5532.7,64018560,36968560,7220799.7,4997082.3,1027608.1,12687826.4,18773976.2,46007.0,2181170.1,6.9,104.8,35.5,45.0,23.2,97.6
2021,湖北,445.9,-35.7,5871.1,190.0,,,3959.3,,67.4,1142.5,19.5,5041.1,251.4,2081.3,211.2,1999.2,217.9,1860.7,244.9,138.5,130.4,1435.1,646.3,1395.4,179.3,528.9,35.3,176562.0,-24.3,54.8,14954267.1,2.0,7298770.5,2.0,7655496.5,2.0,712007.8,40.5,4866616.5,243248.9,188924.1,176475.3,-13.2,2991335.8,3.1,174143.3,133.5,2184267,34051,8690.0,35.3,3667.8,3543.6,49483200,21253200,4926810.3,3180168.6,943946.1,8905498.0,13454299.3,35223.0,1277649.7,7.6,100.7,35.7,38.4,30.9,88.2
2021,湖南,568.3,-24.1,6942.3,222.9,,,4614.2,,66.5,1466.4,21.1,6026.2,255.0,2323.0,209.8,2165.0,212.0,2004.6,244.1,66.3,58.3,1546.3,776.7,1606.4,162.3,636.5,31.3,381805.7,-24.1,47.3,20958347.9,6.8,10342294.0,7.3,10616053.9,6.3,953748.2,34.5,5551510.4,284045.4,105983.4,189289.7,0.2,4008486.4,7.3,171799.1,21.7,2352262,40977,10695.0,38.8,3513.0,3330.2,46278080,37078080,5171851.9,3392034.7,665179.7,8570584.0,12365570.0,33928.0,1421490.8,8.6,104.8,35.1,39.1,29.1,89.5
2021,内蒙古,203.7,5.0,3016.9,54.7,,,2066.5,,68.5,578.0,19.2,2665.2,90.9,796.2,73.3,762.5,73.2,731.9,53.6,15.6,14.1,701.5,94.7,543.7,76.3,296.9,25.9,93871.7,-14.0,4.5,8804531.1,-3.8,4375710.8,-4.0,4428820.4,-3.5,405069.2,24.2,1833467.2,122937.5,39889.0,68589.6,-14.4,1547063.6,-0.8,43928.4,-4.0,1577828,68051,6049.7,19.3,1750.1,1662.3,35974800,25130800,2249847.1,1956394.4,-156218.2,4600644.1,9764912.0,27428.0,750604.9,8.5,125.7,33.2,42.9,12.4,73.9
2021,广西,422.9,89.3,5511.4,178.5,,,3807.7,,69.1,1199.8,21.8,5011.4,212.2,1827.4,176.6,1743.0,168.1,1456.6,121.4,290.5,144.7,1043.9,783.6,1148.0,143.8,536.3,32.2,248488.5,-0.1,21.6,11501709.3,-3.0,5683695.7,-3.0,5818013.6,-3.1,793748.0,31.8,3283983.8,157394.8,29730.1,108036.1,-5.9,2099921.2,-1.4,67987.9,-3.4,2430512,43676,11187.0,30.0,3579.2,3260.6,41400000,4960000,3867258.4,2861689.3,346951.6,6964923.4,10251006.6,24513.0,1135790.5,8.4,109.4,36.3,37.6,34.6,100.6
2021,重庆,608.0,7.9,3751.1,111.0,,,2462.5,,65.6,839.2,22.4,3288.5,171.3,1338.5,110.2,1272.7,122.8,1139.3,96.4,29.9,25.3,984.3,354.3,953.4,67.8,374.2,32.5,202212.0,-7.2,100.9,12335102.2,3.0,6175325.4,1.8,6159776.9,4.3,543353.6,41.5,3830126.7,187421.5,365940.6,106951.8,-6.0,2306589.4,-3.0,95282.1,63.9,1415303,5997,5285.0,25.5,2612.1,2499.1,33080800,15650400,2922064.6,2264777.1,172757.9,5215941.6,9664693.0,15869.0,887899.5,18.9,116.8,41.7,43.6,37.2,97.9
2021,四川,1918.6,33.7,9338.9,214.3,,,5907.5,,63.3,1915.5,20.5,7990.8,469.4,3220.9,245.5,3135.7,241.8,2676.2,98.7,238.0,149.1,2013.9,1207.0,2924.4,146.8,947.4,29.8,492630.9,-12.5,70.8,28602571.9,20.2,14122458.0,15.7,14480113.9,24.9,1256513.9,39.5,12140988.8,415482.0,180192.4,209796.8,-3.7,5145269.6,4.3,162802.6,14.1,3748025,125361,16727.6,49.6,6708.5,6566.9,85646980,53691856,7033777.8,4993140.6,927143.9,12038095.3,18820634.8,44363.0,1918575.9,22.9,111.5,38.5,41.6,34.2,90.5
2021,贵州,239.5,16.3,4269.9,176.4,,,2850.5,,66.8,884.7,20.7,3811.0,213.6,1187.4,185.0,1047.1,134.9,1084.5,170.8,32.6,29.1,815.2,372.2,813.1,125.1,437.5,19.4,83854.5,-3.4,9.9,14776242.1,3.3,7325667.3,2.1,7450574.8,4.6,739174.8,15.7,2606249.8,180997.1,29956.8,70322.2,4.0,2152511.4,-6.8,100866.9,27.4,1346113,34001,6702.0,30.1,2045.1,1901.0,31513760,13176480,3369283.1,2317456.9,489785.2,5444919.8,8746288.8,18106.0,935227.9,6.2,110.8,30.8,39.0,21.2,82.2
2021,云南,268.8,-5.7,5045.7,92.4,,,3215.7,,63.7,929.6,18.4,4063.2,117.8,1451.9,173.8,1348.8,174.3,1307.5,153.8,44.0,40.6,989.4,462.6,980.0,165.6,523.7,24.9,161309.9,-7.0,12.8,17627255.3,2.8,8746642.9,2.8,8880612.4,2.7,899984.9,26.3,3579728.8,188166.1,85030.1,118717.1,12.5,2052963.6,4.3,69939.8,-6.7,2371319,60200,6194.0,35.9,2431.9,2280.2,26620080,9070080,4129389.7,2784988.7,625967.0,7349656.0,10795828.2,21456.0,1157544.1,5.7,107.6,31.0,41.3,20.1,78.8
2021,西藏,80.3,4.6,333.4,11.5,,,217.9,,65.3,66.6,20.0,299.8,20.7,115.3,19.0,112.8,19.7,106.3,21.0,1.2,1.1,78.2,37.2,58.4,8.6,61.9,21.9,11426.1,-21.5,2.0,1316807.8,-0.6,672088.1,-1.3,644719.7,0.2,77993.9,38.2,164691.9,22117.7,3525.4,32664.9,2.3,251587.4,-3.9,11553.2,-6.3,271990,46358,2390.0,6.1,254.2,243.4,4041320,1995420,576616.2,571077.5,-212407.2,1652302.3,2482857.7,4850.0,306399.9,21.9,91.1,31.5,58.3,16.0,92.3
2021,陕西,661.0,24.0,4777.8,188.0,,,3040.5,,63.6,1052.6,22.0,4115.2,238.9,1567.4,198.4,1439.9,200.2,1378.7,126.3,100.8,93.5,1213.6,353.8,1142.6,148.5,442.8,24.4,192873.1,-18.9,23.5,12935211.9,1.9,6415322.1,2.2,6519889.8,1.6,619301.9,19.9,6153207.0,159290.3,16139.5,156723.3,18.9,2863214.7,16.5,86126.3,25.2,1795682,40996,5071.3,32.1,2943.8,2710.2,48210000,26650000,3865334.4,2830912.3,314895.7,6324391.1,10560472.8,28675.0,1153644.5,16.7,120.8,39.6,48.2,24.6,99.2
2021,甘肃,301.2,-8.6,2744.7,70.9,,,1837.3,,66.9,587.5,21.4,2434.2,135.6,1025.2,93.8,993.8,97.0,881.2,39.8,75.9,55.3,661.3,364.0,704.2,59.4,300.6,25.9,63853.9,-15.1,6.4,7547045.0,-0.9,3702491.8,-0.8,3844553.2,-0.9,420575.6,31.8,1901625.3,89325.2,9907.2,47618.6,-8.4,1455042.1,-1.4,55660.5,11.8,1042649,40480,4802.7,20.2,1622.6,1563.2,23398080,8571200,2064237.2,1647537.8,-63378.0,3812545.6,6844358.6,14730.0,686836.1,12.1,110.2,41.2,49.8,31.3,95.5
2021,青海,136.3,4.2,680.5,21.1,,,448.3,,65.9,169.8,24.9,609.1,28.0,209.4,27.4,192.8,22.3,191.5,14.7,13.7,12.7,152.1,57.2,151.3,25.9,86.1,25.5,15660.2,-30.6,0.3,1634852.5,-3.6,829662.8,-3.4,805189.8,-3.9,136049.8,29.2,667742.3,54056.2,11453.6,11742.9,-4.3,356168.9,-3.1,14480.6,9.2,369996,36281,927.0,6.0,438.3,429.1,10005760,5785760,597626.1,525175.1,-95751.0,1308831.8,2242452.4,5996.0,223266.9,22.9,114.6,35.2,42.0,24.7,87.8
2021,宁夏,48.0,-3.5,866.1,26.9,,,566.4,,65.4,209.0,24.1,750.8,38.1,317.1,33.5,309.2,33.2,290.4,15.5,18.1,17.3,246.9,70.2,256.3,23.5,104.6,29.9,22016.2,-17.7,1.5,2134000.7,-1.1,1073859.7,-1.2,1060141.0,-0.9,149178.0,28.9,823614.7,75768.6,9201.0,17131.7,-8.5,430939.2,-0.2,20602.1,9.4,293839,10928,1503.0,5.8,596.6,590.6,9620000,5180000,662269.3,578691.9,-72619.0,1319842.4,2385492.5,6046.0,206862.8,6.6,119.5,43.7,51.6,28.5,111.4
2021,新疆,403.8,0.5,2965.4,118.9,,,1784.9,,60.2,574.2,19.4,2464.3,105.1,1064.2,180.3,1041.9,184.8,945.9,172.4,28.3,25.1,761.4,302.8,911.9,165.2,371.4,30.8,165586.9,-5.0,4.3,13526575.9,7.1,6834499.4,6.3,6692076.5,8.0,509038.6,36.6,2344432.8,148357.7,57200.4,81739.2,-33.0,2673946.6,-4.4,70438.4,-14.7,1540423,49256,6455.2,23.0,2251.6,2117.6,10381600,1881600,2600679.9,2151546.5,-153507.6,4692420.9,8962156.5,20554.0,868715.6,15.6,114.5,41.1,51.4,27.4,110.8
2021,辽宁,568.0,27.4,4975.2,101.4,,,3355.2,,67.4,963.4,19.4,3994.1,72.3,1464.9,133.7,1416.4,139.2,1344.6,130.5,23.2,21.3,1295.9,169.1,745.7,97.6,414.1,26.2,309359.9,-11.6,227.9,14402133.9,-2.1,7210823.5,-1.8,7191310.4,-2.4,539901.4,34.0,3375151.1,139329.6,52694.7,181031.4,-11.4,2266374.1,-0.7,53957.5,44.7,1743545,23525,6795.2,32.0,3274.0,3093.6,37173600,11488800,3877466.4,2876178.5,337575.4,7246843.5,13468077.3,32829.0,1051287.3,13.4,117.6,34.6,42.1,14.7,76.4
2021,吉林,376.1,-41.7,2966.5,96.4,,,2009.2,,67.7,576.3,19.4,2454.6,9.5,734.2,80.0,689.8,85.0,662.1,85.3,3.4,3.2,615.1,119.1,361.9,42.5,244.1,24.2,170154.5,21.4,519.1,7946322.7,-0.9,3963866.8,-0.5,3982455.9,-1.2,347825.4,23.3,1856225.3,66330.3,47775.7,97023.3,0.1,1352141.6,-8.3,26222.4,2.0,846889,26617,5143.0,15.4,1743.1,1633.3,25869280,14089280,1741390.8,1557992.0,-156893.0,3491130.5,7690472.2,22489.0,554612.0,15.8,124.9,30.9,40.9,13.7,71.0
2021,黑龙江,316.9,18.1,3759.5,-84.9,,,2457.9,,65.4,756.5,20.1,3093.9,113.6,1013.5,127.2,935.8,111.6,953.5,126.6,7.9,7.4,830.8,182.7,554.5,87.3,246.8,23.7,121844.1,-16.0,9.1,9712141.3,-2.5,4770063.7,-2.6,4942077.6,-2.5,316292.9,26.8,2482018.5,96321.5,14005.1,94265.3,-8.0,1772997.4,-0.6,46536.8,47.1,1166001,51044,8661.8,20.2,2260.4,2062.9,27978720,17480160,2327231.6,2019802.0,-105376.1,4822802.6,8950516.6,33339.0,706886.9,10.1,120.3,32.4,40.5,17.0,70.5
2022,北京,474.2,-11.0,3926.9,-45.1,,,2127.6,,54.2,1399.2,35.6,3246.4,-133.0,877.3,71.0,843.0,65.4,704.7,-1.9,134.4,70.8,802.7,74.6,406.6,31.8,561.2,25.0,346645.9,-19.1,713.2,86777726.7,-4.2,4522793.3,-5.3,41549933.3,-3.1,584496.1,14.6,16322618.1,140651.7,31586.5,240254.4,-8.8,1878871.5,-1.9,108393.4,-3.4,492357,4275,10750.0,29.8,2114.5,2031.5,63848800,3340000,7338262.5,4974127.7,1664478.4,14359987.7,19178589.7,22231.0,1327695.9,21.7,179.8,40.2,42.0,27.5,96.2
2022,天津,338.3,7.2,1810.1,65.0,,,1060.5,,58.6,581.2,32.1,1572.1,35.3,631.1,46.6,618.9,59.3,488.9,-10.7,126.5,58.0,590.9,40.2,415.0,26.5,200.6,15.9,111764.2,-4.2,67.9,5444348.3,5.2,2779796.8,5.1,2664551.4,5.3,289551.2,9.3,1491017.2,59845.2,49568.7,61203.7,-9.8,1106444.7,2.3,44054.4,24.9,346989,4442,3216.0,14.2,1420.4,1336.9,38090200,5659840,1639846.2,1386478.1,71649.1,3118100.0,5994467.1,12336.0,443846.4,24.8,132.8,46.3,50.9,19.8,117.1
2022,河北,651.4,-19.7,8733.3,89.8,,,5261.9,,60.3,2680.9,30.7,7578.8,66.3,2992.6,195.7,1849.3,-817.5,2161.7,-174.2,524.9,347.7,1779.7,1212.9,1836.9,21.5,751.4,19.9,423603.9,-13.5,23.9,19986167.6,1.6,9772863.9,1.7,10213303.6,1.5,1072327.2,13.8,7984389.2,139537.7,39244.2,282674.7,-12.1,4129967.6,4.7,155323.3,16.4,2502431,38450,15609.7,48.6,5321.7,5174.5,73837600,25153600,5664217.6,4278683.4,475501.1,10729823.4,17262570.0,40771.0,1747435.1,8.8,117.7,40.3,38.9,42.6,104.7
2022,上海,622.1,-19.8,4432.7,33.9,,,2415.6,,54.5,1340.3,30.2,3680.1,63.5,1071.2,75.7,1018.6,79.9,823.4,74.4,142.7,-8.0,1052.8,18.4,579.0,19.5,575.4,13.0,686586.9,-17.0,1833.3,8463352.3,1.9,4328180.5,1.4,4135171.8,2.4,463500.0,10.0,8654812.3,138680.4,96683.8,287015.0,-10.8,1840652.5,5.8,314483.6,186.7,755083,4734,7099.0,22.3,2536.8,2391.8,75747680,8567040,6719586.1,4510504.6,1091929.4,16490753.8,17055407.9,20744.0,1215641.5,25.1,179.0,43.3,47.6,7.0,99.0
2022,江苏,1165.7,-39.8,10566.9,387.4,,,5615.1,,53.1,3690.8,34.9,9039.4,285.8,4451.6,380.0,3870.2,102.4,3110.6,-110.0,1020.6,509.2,3004.3,1447.3,2817.8,323.5,1372.2,22.4,635517.1,-0.4,566.8,26754236.7,-0.2,13262430.6,-0.1,13491806.2,-0.3,1700147.2,16.4,10201228.3,243347.8,154050.5,314018.2,10.5,4584995.0,2.0,241324.2,7.2,4257821,40961,22838.1,73.6,7705.0,7211.1,106633040,-555440,12521538.7,8061427.7,2483170.1,23773593.9,25526973.0,49734.0,2618010.6,13.7,124.1,52.3,47.4,66.4,125.6
2022,浙江,1130.8,-21.4,9023.7,164.1,,,4572.9,,50.7,3263.4,36.2,7694.3,210.9,3400.1,283.1,3076.5,237.9,2653.2,32.2,546.0,270.5,2178.2,1221.9,1920.2,204.0,1119.7,18.8,565803.5,-4.7,301.8,23591363.6,-2.2,11710486.4,-2.3,11880877.3,-2.1,1607255.0,18.1,9050370.7,188633.7,389912.9,377873.2,-4.0,3123511.0,1.5,473452.0,-16.6,4059812,29946,14907.8,69.4,6458.7,5825.6,104169504,1600000,10587836.8,7101785.5,2079388.4,21858854.9,22880999.2,41266.0,2328435.4,17.2,137.2,51.7,45.1,69.8,107.5
2022,福建,679.8,-27.3,4894.4,70.2,,,2692.9,,55.0,1640.7,33.5,4281.8,135.3,2145.3,160.2,1998.3,156.9,1800.0,14.4,210.4,148.4,1382.5,762.8,1247.3,65.2,537.8,18.7,339688.8,0.8,699.6,14846907.5,0.1,7440978.0,0.4,7405929.5,-0.2,717300.2,18.2,12424949.5,130389.5,97756.2,187854.8,7.0,2776513.4,2.8,147071.0,26.3,1748523,26928,7817.5,39.4,3726.2,3456.9,52940000,12489600,5035630.9,3575282.9,717734.2,10797061.8,14371624.6,27379.0,1216421.0,16.2,116.9,51.2,47.1,61.0,126.1
2022,山东,1134.2,26.7,11700.4,451.9,,,6423.1,,54.9,3681.0,31.5,9770.6,402.6,4264.8,401.0,4041.1,384.3,3339.1,-177.3,811.6,569.4,3116.8,1147.9,2665.0,200.1,1098.7,28.4,667881.8,-4.0,214.3,38771048.6,3.4,19216706.9,3.4,19554341.7,3.4,1554418.5,23.7,12754947.3,364734.6,406410.5,361608.8,-5.8,6635225.4,4.4,257340.0,36.3,2934077,35556,14692.4,64.7,7438.5,7171.4,69987280,457680,8337799.6,5667274.1,1465100.7,14497082.1,21142368.7,49466.0,2037632.3,11.2,115.1,42.0,47.5,31.9,106.0
2022,广东,1944.1,-128.1,16650.8,383.0,,,9300.0,,55.9,6351.7,38.1,15097.3,27.0,4628.7,351.0,4385.8,435.8,3428.2,-81.0,845.7,481.6,3529.1,1099.6,2990.1,202.0,1950.3,18.7,1216066.6,-13.0,4080.8,38587313.6,-2.2,19568565.8,-2.4,19018747.8,-2.0,2956007.3,19.8,20393430.2,1176992.6,313682.4,728385.4,-13.1,5094597.2,-7.4,417795.5,21.0,3749665,62060,24521.6,98.9,9892.2,9488.7,151903280,54760160,19728390.6,12698360.5,5030659.7,54254358.1,45418035.8,84508.0,3840840.2,15.4,131.6,36.6,37.3,34.5,92.2
2022,海南,177.4,3.7,1172.8,13.9,,,626.2,,53.4,431.0,36.7,1044.4,55.0,508.2,58.0,495.2,56.3,433.4,23.9,53.7,44.3,303.4,204.8,313.7,41.9,140.2,23.6,39599.7,-8.6,36.2,3605008.5,3.4,2152807.8,3.7,1452200.7,3.0,224719.8,22.7,984662.8,75028.4,16995.2,24622.8,-16.8,522570.7,-8.9,94760.7,107.6,390014,2893,1964.0,9.5,1044.7,1033.1,21562000,10354480,1269721.3,927974.1,127847.4,2287804.3,3269712.1,6711.0,411610.1,17.3,114.2,49.5,48.0,51.8,146.5
2022,山西,270.4,7.7,4141.0,15.0,,,2422.1,,58.5,1414.0,34.1,3463.3,137.5,1470.7,120.3,1438.8,117.3,1343.2,31.2,102.2,94.0,1209.6,261.0,817.5,72.4,360.1,15.0,88316.6,-9.8,2.8,13008569.2,2.4,6481835.3,2.6,6526733.9,2.1,539706.4,11.0,4294448.4,81487.0,62731.6,64309.1,-17.4,1761939.0,-8.5,548143.0,4.9,1588532,33699,7251.2,30.1,2760.2,2714.7,46130000,5810640,2912595.1,2307745.9,146941.8,5553799.8,10189647.5,27131.0,898666.7,7.8,118.9,42.2,54.3,20.8,102.4
2022,安徽,521.4,-19.6,6379.4,186.8,,,3510.2,,55.0,2082.2,32.6,5444.2,167.5,2666.6,330.8,2469.6,291.2,2229.9,196.6,246.7,183.7,1720.8,945.9,1784.6,157.5,610.2,21.7,244257.3,-7.3,63.1,14762622.4,1.7,7157118.7,1.9,7605503.7,1.6,963562.0,17.1,5742300.5,176437.3,16332.0,131157.9,-1.6,2776874.6,4.0,127016.1,1.9,2699969,39371,8224.3,37.6,4242.2,4132.0,50210800,1704800,5019021.8,3327738.6,835715.7,9271768.8,12224812.9,30970.0,1307302.2,8.5,104.1,43.5,46.7,38.7,98.5
2022,江西,448.2,-25.8,4694.5,197.8,,,2357.1,,50.2,1599.3,34.1,3974.7,118.8,1958.3,258.1,1908.3,271.0,1464.9,-7.9,306.5,217.5,1337.8,620.5,1380.2,131.0,439.1,26.0,142153.0,-9.7,14.5,11229552.3,1.4,5476137.5,1.2,5753414.8,1.6,699654.4,20.3,3076121.4,145954.4,284483.1,85829.5,-11.1,1680044.8,8.5,47047.7,-10.7,2399610,27646,6718.0,31.4,2705.3,2630.1,35270000,722720,3699830.1,2529662.7,528192.2,6517975.4,8768255.5,23880.0,1021982.6,9.9,103.7,43.2,47.6,36.1,116.3
2022,河南,648.4,-29.1,10643.1,290.5,,,6012.1,,56.5,3682.4,34.6,9400.9,264.3,3934.8,429.0,3902.6,531.7,3052.3,-169.5,833.0,586.8,2825.2,1109.6,2015.2,91.8,1015.5,24.5,282000.8,-15.4,38.9,28809177.6,1.1,14078095.8,1.1,14731081.9,1.1,1672922.1,21.3,13335824.2,367786.5,77004.3,265954.5,-7.6,5674108.3,4.1,205826.5,8.0,2376180,40452,14950.8,57.2,6228.6,6152.3,85048800,21030240,7818335.4,5495355.3,1223346.7,13260606.5,19893463.7,44776.0,1945180.7,6.6,107.8,39.9,50.2,26.2,109.8
2022,湖北,447.5,1.6,6055.9,184.9,,,3500.5,,57.8,1886.8,31.2,5195.2,154.2,2290.8,209.4,2210.4,211.3,1778.6,-82.1,469.8,331.3,1590.0,700.8,1546.8,151.4,568.1,30.1,146605.3,-17.0,42.0,15187471.9,1.6,7443355.0,2.0,7744117.0,1.2,864835.5,21.5,6186898.1,194846.6,137984.2,123312.7,-30.1,3060121.4,2.3,201740.2,15.9,2326705,35680,13282.0,38.2,4066.2,3935.1,51535600,2052400,5250036.0,3548042.9,913400.6,9835664.5,14044619.9,34833.0,1324694.1,7.7,103.6,39.2,42.1,33.9,96.4
2022,湖南,548.7,-19.7,7180.6,238.3,,,4072.8,,56.7,2358.6,32.8,6155.7,129.5,2475.1,152.1,2334.1,169.1,2038.8,34.2,205.9,139.6,1656.7,818.4,1730.0,123.5,666.8,27.2,309003.0,-19.1,41.0,21956266.1,4.8,10861978.5,5.0,11094287.6,4.5,1180829.8,23.8,5976158.6,179955.1,107031.6,165475.3,-12.6,4241697.5,5.8,186528.5,8.6,2817433,42164,10695.0,43.0,3728.0,3513.6,59670000,13391920,5517627.6,3670439.7,708967.1,9554985.5,12947099.2,34403.0,1406997.4,8.3,108.7,37.5,41.6,31.2,95.4
2022,内蒙古,208.4,4.7,3013.1,-3.8,,,1846.3,,61.3,901.0,29.9,2577.0,-88.2,868.1,71.8,834.6,72.1,740.6,8.7,93.4,77.9,777.5,90.5,594.2,50.5,295.5,18.6,78439.0,-16.4,2.8,8824173.1,0.2,4401308.7,0.6,4422864.4,-0.1,439809.9,8.6,1971887.8,97615.5,34459.1,59058.5,-13.9,1590422.4,2.8,35443.7,-19.3,1703901,71988,5863.0,21.5,1739.0,1683.9,37132800,1158000,2455601.0,2099821.4,-94972.3,4918593.4,10105957.2,27156.0,838707.1,8.7,125.5,36.2,47.2,12.0,79.9
2022,广西,512.1,89.2,5805.3,293.9,,,3428.1,,59.1,1881.4,32.4,5177.9,166.4,2054.2,226.8,1958.3,215.2,1547.2,90.6,424.5,134.0,1174.3,879.9,1291.4,143.4,531.3,24.3,232522.8,-6.4,46.0,11467920.3,-0.3,5669612.4,-0.3,5798013.9,-0.3,961177.1,21.1,3200098.7,135936.3,13708.8,106070.3,-1.8,2117644.0,0.8,61508.9,-9.5,2604739,45747,9381.0,32.2,3836.1,3600.8,49270000,7870000,4175750.7,3172997.9,360340.9,7555517.7,10514601.5,24407.0,1095637.9,10.1,115.0,40.7,41.8,39.3,112.9
2022,重庆,598.7,-9.3,3962.2,211.1,,,2281.5,,57.6,1296.1,32.7,3448.0,159.5,1461.5,123.0,1384.7,112.0,1199.8,60.5,88.3,58.4,1054.8,406.7,1027.0,73.6,382.2,23.4,180813.9,-10.6,99.0,12774805.0,3.6,6378609.1,3.3,6396195.9,3.8,645971.7,18.9,4347321.5,148321.6,302255.9,101555.3,-5.1,2586063.8,12.1,88591.4,-7.0,1498607,7666,5285.0,27.4,2668.9,2587.4,36023654,2942854,3213274.9,2491542.1,195821.4,5853746.5,9902799.0,16070.0,964248.5,18.6,123.3,45.5,46.3,43.6,105.6
2022,四川,1954.3,35.7,9623.2,284.3,,,5432.8,,56.5,3104.5,32.3,8400.4,409.6,3566.1,345.2,3426.5,290.8,2730.9,54.7,532.4,294.4,2012.9,1553.2,3186.1,261.7,953.8,21.8,440958.7,-10.5,50.9,30648129.5,7.2,15110708.8,7.0,15537420.7,7.3,1475416.6,17.4,9931233.6,252048.5,228884.2,196567.6,-6.3,5380952.2,4.6,173617.1,6.6,4392609,64051,17564.0,53.3,6434.0,6291.1,90947680,5300700,7607187.3,5493918.3,879635.9,13257941.0,19159093.0,44431.0,1935225.3,23.3,114.9,42.6,41.2,44.5,100.4
2022,贵州,235.7,-3.8,4447.9,178.0,,,2517.9,,56.6,1493.3,33.6,4013.2,202.2,1384.1,196.7,1275.0,227.9,1031.9,-52.6,287.4,254.8,953.4,430.7,956.2,143.1,447.7,25.3,96967.0,15.6,4.0,15513325.7,5.0,7716811.7,5.3,7796514.0,4.6,884710.2,19.7,2918749.1,157220.3,28831.1,334886.1,376.2,9190086.3,327.0,150362.9,49.1,1724350,33092,6702.0,32.9,2386.4,2334.8,35593600,4079840,3605731.1,2522744.2,524916.4,6094200.2,9321619.7,17760.0,1164632.4,6.1,115.4,35.9,45.1,24.7,96.3
2022,云南,259.7,-9.1,5132.4,86.7,,,2727.7,,53.1,1628.4,31.7,4275.1,211.9,1627.2,175.3,1544.8,196.0,1390.6,83.1,164.0,120.0,1105.4,521.8,1148.1,168.2,504.8,17.6,145189.0,-10.0,9.8,18127628.7,2.8,8986567.0,2.7,9141061.7,2.9,1022190.7,13.6,3385136.0,155341.7,63422.9,113475.9,-4.4,2186420.3,6.5,70801.8,1.2,2608607,64416,6194.0,39.1,2655.4,2520.3,34770000,8149920,4480119.0,3143324.4,736931.7,8242295.7,11309134.0,21524.0,1154896.6,5.5,109.4,34.7,45.5,23.0,88.4
2022,西藏,85.1,4.8,329.9,-3.5,,,204.0,,61.8,88.2,26.7,301.1,1.3,130.3,15.0,122.2,9.4,118.6,12.3,5.7,4.5,104.4,25.9,76.9,18.5,60.2,12.5,7958.5,-30.4,1.3,1343634.8,2.0,682505.5,1.6,661129.3,2.6,93875.4,20.4,193656.9,14160.7,3100.7,25264.0,-22.7,237568.4,-5.6,8712.2,-24.6,313626,44017,2060.1,6.1,284.8,274.1,2656800,-1384520,616484.5,603673.8,-199382.1,1703103.2,2273662.7,4828.0,263844.4,23.4,90.6,35.8,76.7,11.4,105.6
2022,陕西,676.2,15.2,4834.4,56.6,,,2627.8,,54.4,1654.6,34.2,4167.2,52.1,1760.5,193.1,1671.3,231.5,1403.2,24.6,244.2,143.5,1226.9,533.6,1290.4,147.8,456.5,25.6,185934.7,-3.6,16.5,13149624.7,1.7,6519778.6,1.6,6629846.2,1.7,772196.9,24.7,7952790.7,107938.6,6475.5,143537.4,-8.4,2856534.9,-0.2,123679.4,43.6,1914414,49499,5071.3,33.7,3007.9,2832.9,62420000,14210000,4210680.6,3046910.1,424522.7,7006179.1,10997503.7,28604.0,1214367.8,17.1,122.2,44.5,48.5,37.5,109.1
2022,甘肃,299.9,-1.3,2784.4,39.6,,,1636.4,,58.8,894.6,32.1,2483.3,49.1,1092.7,67.5,1067.7,73.9,800.9,-80.3,222.9,147.0,675.9,416.8,726.8,22.6,298.0,22.2,64169.9,0.5,1.1,7803756.9,3.4,3834589.4,3.6,3969167.5,3.2,477928.2,13.6,2289557.2,77252.7,5753.0,46969.8,-1.4,1525382.4,4.8,64094.0,15.2,1111284,40970,5009.1,21.5,1754.3,1702.6,24706880,1308800,2217703.0,1784774.6,-56833.5,4191352.9,7194142.7,14622.0,731859.4,12.0,111.7,43.8,50.0,36.5,103.2
2022,青海,144.3,8.0,704.4,23.9,,,398.5,,56.6,271.2,38.5,650.1,41.0,249.7,40.4,144.7,-48.1,202.7,11.2,42.7,29.0,162.6,87.2,174.2,23.0,90.9,28.4,12033.6,-23.2,0.2,1634179.9,0.0,830392.7,0.1,803787.2,-0.2,175508.7,29.0,771142.9,25438.6,11310.1,10834.7,-7.7,375719.1,5.5,12609.4,-12.9,419917,41905,927.0,6.2,460.1,450.8,10949600,943840,677151.2,565897.2,-65604.3,1365027.4,2378814.8,6152.0,241652.3,24.2,118.4,42.0,44.4,38.1,106.5
2022,宁夏,47.4,-0.6,891.0,24.8,,,484.4,,54.4,341.4,38.3,787.9,37.1,349.4,32.3,342.1,32.8,282.9,-7.5,56.8,38.6,273.9,75.5,276.8,20.5,106.8,23.9,19304.0,-12.3,1.9,2219876.7,4.0,1120018.8,4.3,1099857.9,3.8,180398.8,20.9,756606.8,39800.6,4064.7,15920.1,-7.1,459338.4,6.6,21520.8,4.5,314192,10189,1503.0,6.3,663.7,658.1,11160000,1540000,735584.8,640559.3,-68049.1,1406276.6,2517699.8,6181.0,234482.9,6.5,122.4,48.0,56.7,30.8,122.5
2022,新疆,410.1,6.3,2872.6,-92.8,,,1621.8,,56.5,833.5,29.0,2435.4,-28.9,1174.8,110.6,1156.4,114.5,932.8,-13.1,146.2,117.9,775.3,399.4,988.8,76.9,371.2,19.8,114668.4,-30.8,3.0,13951260.7,3.1,7044940.4,3.1,6906320.3,3.2,604287.3,18.7,2457057.2,170332.0,45209.7,25523.9,-68.8,2464993.4,-7.8,58880.7,-16.4,1581034,48759,6008.3,24.2,2350.9,2304.8,12405600,2024000,2792337.0,2378933.7,-117655.2,4892287.9,9075168.9,20468.0,738939.8,15.9,111.0,45.4,51.8,36.7,120.3
2022,辽宁,586.3,18.4,5100.9,125.6,,,3150.3,,61.8,1485.0,29.1,4462.6,468.6,1569.8,104.9,1526.0,109.6,1350.7,6.1,118.2,95.0,1384.0,185.8,808.6,62.9,405.3,15.3,271299.8,-12.3,171.7,14115694.9,-2.0,7048400.5,-2.3,7067294.3,-1.7,580144.7,7.5,3968122.2,76860.2,41126.6,157687.4,-12.9,2196819.5,-3.1,63375.7,17.5,1795198,24027,6813.2,33.8,3444.3,3281.4,38108000,934400,4064452.2,2980339.4,356226.2,7704538.6,13258730.7,32685.0,941205.1,14.0,121.5,37.4,45.2,16.4,81.4
2022,吉林,383.7,7.5,3007.8,41.3,,,1732.3,,57.6,958.8,31.9,2429.8,-24.8,779.2,45.0,737.2,47.4,668.3,6.2,47.6,44.2,634.5,144.6,395.4,33.5,231.2,13.8,142938.3,-16.0,172.7,7819143.9,-1.6,3903149.9,-1.5,3915994.0,-1.7,387109.2,11.3,2350057.9,46753.9,41637.7,76913.5,-20.7,1223198.2,-9.5,27731.9,5.8,856285,26769,4183.0,16.1,1830.9,1736.1,26689280,820000,1858385.1,1621711.5,-125136.1,3656309.4,7875233.5,21757.0,514214.9,16.3,128.1,33.2,42.4,17.0,73.7
2022,黑龙江,336.8,19.9,3828.6,69.1,,,2213.1,,57.8,1156.6,30.2,3136.9,43.0,1130.4,116.9,1051.0,115.2,953.9,0.5,120.2,112.4,936.4,194.0,637.0,82.4,262.3,25.5,102868.1,-15.6,7.5,9604959.6,-1.1,4726130.6,-0.9,4878829.0,-1.3,383908.9,21.4,2067631.2,75788.9,19544.4,86724.9,-8.0,1811372.0,2.2,53826.0,15.7,1296067,52511,8093.0,21.0,2198.7,2068.9,29231560,1252840,2463696.0,2134506.2,-54645.1,4916586.1,8927250.4,32864.0,641949.7,10.9,123.5,36.5,45.6,18.5,77.4
2023,北京,467.4,-6.8,4096.0,157.2,,,1663.8,,40.6,2061.4,50.3,3364.7,115.6,933.4,56.1,900.7,57.7,661.5,-43.1,228.7,94.3,855.6,77.8,452.4,45.9,633.3,14.7,277263.7,-20.0,667.6,7927256.8,-8.7,4005118.4,-11.5,3922138.3,-5.6,668029.5,14.3,26011351.1,168659.1,47787.5,204118.4,-15.0,1736232.5,-7.6,139591.7,28.8,528411,4366,10750.0,32.9,2112.3,2033.6,78016640,14167840,7521609.0,5087053.0,1593306.4,14830527.9,19610494.9,22048.0,1370989.0,21.4,187.4,42.7,44.6,29.2,103.1
2023,天津,321.6,-16.7,1907.5,92.0,,,880.3,,46.1,867.6,45.5,1644.7,71.9,673.4,42.3,655.9,37.1,462.3,-26.6,197.5,71.0,628.9,44.5,443.7,28.7,205.9,15.4,115567.9,3.4,56.4,5182169.8,-4.8,2632738.5,-5.3,2549431.3,-4.3,324323.9,12.0,1346672.4,56563.6,24020.2,49880.1,-18.5,1033115.5,-6.6,54506.5,23.7,373817,4653,3366.0,15.6,1517.3,1498.8,48711960,10621760,1715669.6,1423795.5,68601.3,3162195.7,6065036.8,12331.0,465521.7,23.6,139.8,49.4,53.9,22.5,124.4
2023,河北,586.8,-64.6,8851.6,98.4,,,4352.6,,49.2,4013.3,45.3,7892.9,310.7,3179.7,187.1,2983.9,1134.6,2020.7,-141.0,890.9,366.0,1912.1,1267.6,1895.4,58.4,783.5,18.0,366924.0,-13.4,29.8,20374069.5,1.9,9917104.4,1.5,10456965.1,2.4,1205637.5,12.4,7631937.4,107416.6,22401.2,256982.2,-9.1,4395836.7,6.4,129315.0,-16.7,2728695,38967,15609.7,55.1,5480.5,5333.3,85405600,11568000,6118803.1,4678060.7,427551.3,11274330.7,17869975.3,39951.0,1830922.9,7.9,119.7,43.0,41.2,46.1,110.1
2023,上海,610.7,-11.5,4691.8,217.2,,,2061.7,,43.9,1973.5,42.1,3877.9,190.3,1205.5,134.3,1153.3,134.7,839.2,15.8,266.7,124.0,1173.2,32.3,632.6,53.6,646.0,13.9,592144.6,-13.8,1732.5,7812729.6,-7.7,3971769.3,-8.2,3840960.4,-7.1,546309.7,17.9,9234708.7,92215.0,51024.9,241863.3,-15.7,1775820.3,-3.5,107192.6,-65.9,786850,4832,7099.0,23.9,2560.5,2418.8,86470000,10722320,7157046.2,4883439.1,1108890.8,17376415.6,17410138.9,20489.0,1345170.1,24.5,188.6,48.5,52.8,12.2,110.8
2023,江苏,1153.4,-12.3,11027.3,388.1,,,4579.2,,41.5,5271.0,47.8,9386.5,330.9,4754.6,303.0,4550.0,679.8,2925.2,-185.4,1518.9,498.3,3207.7,1546.9,2952.0,134.3,1468.3,18.1,818736.0,28.8,463.3,25705643.2,-3.9,12683043.4,-4.4,13022999.8,-3.5,2003868.2,17.9,10063774.0,214676.2,75513.3,413437.9,31.7,4454549.6,-2.9,261379.1,8.3,4508664,42280,21969.1,78.1,8009.1,7576.6,110133040,3500000,13516848.0,8751747.9,2549161.8,24462617.3,25485417.3,49770.0,2282460.2,13.5,129.3,55.8,50.1,72.7,132.0
2023,浙江,1062.2,-68.7,9403.2,332.6,,,3711.0,,39.5,4692.8,49.9,8016.0,312.6,3608.5,208.4,3276.8,200.3,2650.5,-2.6,796.4,250.4,2094.7,1513.8,2052.5,132.2,1161.2,14.9,500559.6,-11.5,244.7,23069203.2,-2.2,11360641.5,-3.0,11708561.9,-1.5,1868939.9,16.3,7817252.0,154397.6,192668.4,263746.4,-30.2,2740561.1,-12.3,190256.4,-59.8,4420720,32424,15009.0,73.2,6953.0,6340.3,121327344,17157840,11375603.5,7618546.1,2077449.0,22838936.2,23149360.0,41190.0,2291596.8,16.0,141.9,54.5,42.6,88.6,116.0
2023,福建,671.0,-8.9,4970.3,67.9,,,2279.7,,45.9,2328.5,46.8,4433.9,147.9,2261.2,115.9,2104.7,106.4,1647.6,-152.4,494.6,284.2,1436.4,824.8,1192.9,-54.4,536.4,11.3,326628.5,-3.8,490.7,14210636.8,-4.3,7044015.8,-5.3,7166621.0,-3.2,791942.4,10.4,12183296.4,139974.4,61209.4,191322.8,1.9,2691308.6,-3.1,198302.0,34.8,1825282,31167,7817.5,41.7,3833.2,3624.6,57700000,4760000,5263332.5,3666465.4,696962.8,11124728.6,14630607.8,26131.0,1124915.2,16.0,118.8,54.1,48.3,68.1,129.0
2023,山东,1101.6,-32.6,12139.3,396.9,,,5545.5,,45.7,5422.5,44.7,10421.4,642.9,4581.9,317.1,4325.8,284.7,3117.8,-221.3,1358.0,546.4,3403.4,1178.5,2804.4,139.4,1131.0,17.7,701488.6,5.0,159.2,37676205.2,-2.8,18647694.6,-3.0,19028510.6,-2.7,1875046.5,20.6,12510492.9,384246.3,390842.8,320429.9,-11.4,6505424.4,-2.0,263023.3,2.2,3717944,36223,14713.4,71.4,7657.3,7413.5,85205200,15217920,8889408.1,5975654.4,1589297.1,15177949.4,21911959.2,48870.0,1915941.9,10.9,119.9,45.3,51.3,33.8,112.6
2023,广东,1783.7,-160.4,17237.3,570.6,,,7736.3,,44.9,8872.2,51.5,15814.7,711.3,4824.0,195.2,4598.5,212.7,3150.4,-277.8,1348.9,503.2,3704.2,1119.7,2880.9,-109.2,2024.1,14.0,1321150.1,8.6,3207.1,36268485.6,-6.0,18561176.8,-6.2,17907308.9,-5.8,3431672.7,16.1,20796001.7,920803.2,188013.4,1058609.5,45.3,5520174.8,8.4,492771.9,18.0,4101779,66124,24521.6,102.4,10395.2,10051.5,153610000,1706720,20743342.5,13466390.2,4851500.4,56730459.5,46578358.3,82979.0,3453708.5,14.0,135.7,38.0,38.7,35.9,95.3
2023,海南,178.6,1.2,1206.8,32.8,,,497.6,,41.2,619.5,51.3,1094.0,49.2,578.1,69.9,563.8,68.5,432.8,-0.6,125.5,71.8,344.6,233.5,357.8,44.1,154.2,23.0,33489.8,-15.4,17.2,3430464.8,-4.8,2115226.0,-1.8,1315238.8,-9.4,282405.3,25.7,1127247.8,37875.6,9974.3,21131.7,-14.2,501234.3,-4.1,251461.5,165.4,423739,2893,1964.0,10.0,1142.6,1129.8,28969600,7407600,1358905.2,1000383.2,138638.1,2440122.8,3409727.2,6708.0,414199.9,17.1,115.7,55.4,52.9,59.6,166.4
2023,山西,278.7,8.3,4228.7,86.7,,,1953.2,,46.2,2061.8,48.8,3721.2,257.4,1605.1,134.5,1570.5,131.7,1307.1,-36.1,264.6,162.4,1320.3,284.9,876.3,58.8,363.6,14.0,144242.5,63.3,2.2,12903621.1,-0.8,6404075.1,-1.2,6499546.1,-0.4,617431.8,14.4,3484362.7,65562.4,20165.0,118825.4,84.8,1675990.9,-4.9,63342.8,15.6,1650832,35555,7251.2,32.9,2828.3,2786.0,52190000,6060000,3048130.4,2401860.0,153149.0,5612759.8,10499591.8,26413.0,848470.0,8.0,122.0,46.3,58.6,23.5,110.4
2023,安徽,510.4,-11.1,6617.9,226.3,,,2902.2,,43.9,3122.8,47.2,5763.1,315.4,2947.1,280.5,2804.4,334.9,2183.2,-46.6,587.9,341.3,1903.2,1043.9,1889.0,104.4,640.6,19.7,214884.1,-12.0,68.3,14401398.0,-2.5,6998391.8,-2.2,7403006.2,-2.7,1122600.7,16.5,5183521.9,152081.8,8288.0,115965.8,-11.6,2744990.6,-1.2,155775.2,22.6,2857668,41502,11181.3,40.5,4696.1,4586.7,53014000,2803200,5375977.5,3584053.9,844224.3,9783724.1,12846693.5,30354.0,1453869.0,8.3,108.1,48.1,50.6,44.3,107.8
2023,江西,448.1,-0.1,4851.0,149.6,,,1898.4,,39.1,2318.0,47.8,4173.6,197.0,2091.3,133.0,2029.7,121.4,1341.3,-123.7,536.2,229.7,1440.8,650.5,1487.7,107.6,459.2,20.0,112855.4,-20.6,9.5,10860853.4,-3.3,5295958.3,-3.3,5564895.1,-3.3,809621.3,15.7,2517332.2,182893.6,162401.1,74242.5,-13.5,1782155.1,6.1,55963.9,19.0,2561057,29588,6718.0,34.6,2834.5,2759.5,37670000,2400000,3988518.6,2633963.2,566359.8,6964747.8,9100132.2,23741.0,1035041.7,9.9,107.4,46.3,50.5,39.1,123.1
2023,河南,581.8,-66.7,10932.1,261.7,,,4835.9,,44.2,5387.3,49.3,9729.6,322.0,4260.6,325.8,4224.7,322.1,2928.5,-123.8,1274.6,441.7,3044.1,1216.4,2044.9,29.7,1043.1,18.7,259115.9,-8.1,14.2,28179820.8,-2.2,13773553.6,-2.1,14402467.2,-2.2,1979683.0,18.3,9688781.0,367090.0,44709.7,242653.8,-8.8,5724027.9,0.9,218817.1,6.3,2426681,42508,12919.5,57.4,6624.9,6549.8,100187840,15139040,8097115.8,5781012.6,1111987.1,13796116.7,20200976.5,43519.0,1827986.8,5.9,111.4,43.4,53.4,29.6,118.2
2023,湖北,434.3,-13.2,6320.2,225.1,,,2916.7,,46.1,2845.0,45.0,5465.5,263.4,2494.2,203.5,2364.9,154.5,1617.2,-161.4,792.9,323.1,1736.3,757.9,1672.6,125.7,601.7,20.7,122363.9,-16.5,36.0,14822644.9,-2.4,7282439.1,-2.2,7540205.8,-2.6,999160.1,15.5,5212705.7,146131.5,102265.6,81805.5,-33.7,2960978.5,-3.2,210344.9,4.3,2514594,35887,13282.0,41.7,4431.4,4297.2,59555440,8019840,5507422.4,3855549.7,767738.4,10487751.0,14821377.3,34339.0,1367892.0,7.4,108.3,42.7,45.4,37.6,105.5
2023,湖南,548.7,0.0,7731.8,529.2,,,3497.4,,45.2,3656.9,47.3,6692.6,528.9,2744.1,269.0,2593.5,259.4,1802.9,-235.9,677.2,471.3,1846.7,897.4,1819.5,89.5,720.9,23.0,372784.0,20.6,28.7,22272523.9,1.4,11023636.8,1.5,11248887.2,1.4,1430400.0,21.1,6293824.8,145892.9,79547.9,241628.6,46.0,4342506.0,2.4,190938.3,2.4,3171735,46193,10436.6,45.6,4181.6,3921.6,65850000,6180000,5851152.7,3988610.7,694894.9,10019010.4,13633850.5,36301.0,1351150.7,8.4,117.7,41.8,46.0,35.2,105.9
2023,内蒙古,196.9,-11.5,3052.1,38.0,,,1490.5,,48.8,1387.8,45.5,2661.5,84.0,948.5,80.4,910.4,75.8,692.8,-47.8,214.9,121.5,826.7,121.8,648.2,53.9,333.6,24.1,64994.4,-17.1,3.3,8900578.5,0.3,4399899.0,-0.1,4405589.5,-0.4,503971.3,14.6,2145134.9,85023.3,24447.1,50375.5,-14.7,1618619.1,1.8,40178.4,13.4,1688029,75252,5863.0,24.0,1792.7,1738.9,57977920,20845120,2599509.9,2183381.3,-72901.1,5075953.2,10449999.3,26375.0,881278.4,8.2,127.4,39.6,49.6,16.7,86.2
2023,广西,477.6,-34.5,6121.8,282.6,,,2938.6,,48.0,2692.8,44.0,5450.6,267.7,2315.4,261.2,2200.6,242.3,1555.9,8.7,656.9,232.4,1327.2,988.3,1377.0,85.6,528.4,16.4,188845.0,-18.8,16.2,10900981.1,-4.9,5366603.4,-5.3,5534377.6,-4.6,1070320.8,11.3,3309854.4,117101.6,8887.7,89870.1,-15.3,2058466.4,-2.8,78476.6,27.6,2689019,45392,10677.0,35.5,4099.3,3885.9,52570000,3300000,4396643.4,3187652.3,378043.4,7857898.0,10982460.6,24345.0,1050402.5,9.5,121.8,46.1,46.5,45.5,128.0
2023,重庆,594.7,-4.0,4385.6,393.7,,,1933.1,,44.1,1966.7,44.8,3686.1,226.3,1552.8,91.2,1477.2,92.5,1189.1,-10.6,265.6,177.3,1121.9,430.8,1114.7,87.7,397.1,16.3,149635.8,-17.2,70.7,12913523.8,1.1,6433476.4,0.9,6480047.4,1.3,736887.7,14.1,4003664.5,78182.9,218824.3,90381.7,-11.0,2628298.6,1.6,174938.2,97.5,1642354,8193,5285.0,29.5,2744.5,2667.5,37757658,1734003,3475243.2,2679917.3,191146.9,6327306.3,10269169.2,16081.0,981684.4,18.6,137.4,48.7,49.0,47.7,111.1
2023,四川,1942.9,-11.4,9701.8,54.4,,,4682.1,,48.3,4468.1,46.1,8843.1,436.8,3767.8,201.7,3628.1,201.6,2584.4,-146.5,906.6,374.3,2190.8,1577.0,3335.9,149.8,994.8,17.2,402393.1,-8.8,46.2,30736251.5,0.3,15141824.5,0.2,15594427.0,0.4,1739903.7,17.9,8253077.6,190511.1,209051.0,186470.9,-5.1,5412756.5,0.6,183981.6,6.0,4499875,63317,16935.6,59.4,6732.5,6597.4,94402880,3455200,8083863.7,5911269.3,862000.8,14424900.6,19768419.2,43818.0,2005672.2,23.2,115.9,45.0,44.0,46.5,106.1
2023,贵州,224.7,-11.0,4554.5,76.6,,,2065.5,,45.4,2177.1,47.8,4167.2,148.6,1568.3,184.2,1490.5,215.5,964.0,-67.9,545.4,258.0,1055.8,512.5,1068.2,112.1,463.9,19.0,80798.3,-16.7,2.0,15704142.3,1.2,7810223.5,1.2,7893918.8,1.3,954356.9,7.9,2210821.4,58930.3,16705.1,67670.1,-79.8,2861704.1,-68.9,72217.3,-52.0,1973514,34958,5350.0,35.4,2622.4,2584.6,42959200,7365600,3843564.8,2701496.2,509154.7,6565797.8,10090323.5,17592.0,1199363.6,5.8,117.8,40.6,48.8,30.1,109.6
2023,云南,247.2,-12.6,5213.0,68.6,,,2182.8,,41.9,2434.4,46.7,4497.4,218.5,1778.3,151.1,1704.9,160.1,1349.5,-41.2,360.2,196.2,1197.6,580.7,1308.6,160.5,502.9,13.7,128481.9,-11.5,7.9,17990923.3,-0.8,8898254.2,-1.0,9092669.1,-0.5,1118034.5,9.4,3074741.9,136663.8,41606.2,104528.0,-7.9,2333562.7,6.7,65643.5,-7.3,3085616,64416,7424.3,42.4,3142.2,3096.1,34970000,200000,4815936.8,3378784.3,714359.9,8681263.5,11873960.0,22712.0,1270066.5,5.3,111.6,38.1,48.4,26.4,98.4
2023,西藏,88.5,3.4,342.5,12.5,,,106.1,,31.0,165.3,48.3,317.8,16.7,145.5,15.2,137.8,15.6,109.3,-9.3,31.5,25.8,120.5,25.0,86.1,9.2,60.9,11.4,7583.2,-4.7,3.5,1417826.1,5.5,717870.5,5.2,699955.7,5.9,99386.9,5.9,203138.3,10747.8,2167.8,33690.5,33.4,276543.9,16.4,6863.9,-21.2,367442,44840,3380.0,6.3,311.9,305.2,3436800,780000,655068.5,648775.9,-199303.2,1711918.4,2281097.5,4847.0,307758.0,24.2,93.8,39.9,84.9,11.2,120.3
2023,陕西,664.3,-11.9,4954.2,103.4,,,2110.8,,42.6,2376.7,48.0,4346.5,174.9,1921.3,160.8,1826.7,155.4,1327.6,-75.6,465.9,221.7,1341.3,580.0,1384.6,94.2,472.9,18.1,141959.7,-23.7,9.5,12857512.1,-2.2,6352049.1,-2.6,6505463.0,-1.9,876588.3,13.5,8507675.8,88764.2,7346.0,150388.3,4.8,3539175.5,23.9,190144.8,53.7,2077741,58412,5071.3,37.4,3277.1,3095.9,69730000,7310000,4394483.1,3266347.7,399060.4,7554141.9,11893270.3,28472.0,1203299.7,16.8,125.4,48.6,52.1,42.1,117.7
2023,甘肃,306.6,6.8,2894.0,105.5,,,1356.5,,46.9,1333.1,46.1,2613.3,128.5,1186.8,94.1,1162.8,95.1,736.6,-64.2,368.0,145.1,749.5,437.2,756.7,30.0,300.4,15.5,56076.2,-12.6,2.3,7818924.5,0.2,3834108.1,0.0,3984816.4,0.4,522490.1,9.3,2086450.0,67467.7,4559.9,43490.2,-7.4,1539560.1,0.9,63052.7,-1.6,1171319,43970,5009.1,22.4,1958.6,1907.0,30102880,5396000,2344479.9,1864905.9,-54749.7,4451037.5,7584705.7,14530.0,805223.3,12.4,117.4,48.1,54.8,39.8,111.6
2023,青海,155.9,11.6,739.1,34.1,,,315.3,,42.7,396.8,53.7,686.2,35.7,290.6,40.9,272.8,128.1,206.9,4.2,79.2,36.5,210.5,80.1,193.2,19.0,96.2,20.7,10296.7,-14.4,0.2,1698032.2,3.9,861392.9,3.7,836639.3,4.1,202283.8,15.2,766258.5,18378.7,5426.5,10378.1,-4.2,388982.8,3.5,11363.2,-9.9,480753,41990,927.0,6.9,463.0,451.9,13449920,2500320,731844.6,598446.0,-55589.8,1467570.1,2533157.5,6117.0,313152.3,26.2,124.4,48.9,56.4,36.2,123.9
2023,宁夏,48.8,1.4,918.0,25.4,,,377.1,,41.1,484.6,52.8,819.1,30.7,373.0,23.6,365.3,23.2,264.3,-18.6,97.8,41.0,293.4,79.6,295.0,18.2,117.0,21.1,53175.7,175.5,0.9,2275377.0,2.4,1146058.0,2.3,1127319.0,2.5,208706.4,15.7,985400.6,31728.1,1269.1,15880.7,-0.3,479219.5,4.3,28054.7,30.4,333735,10603,1434.0,6.3,707.9,702.4,15280000,4120000,786861.3,672864.9,-46751.4,1576286.7,2679972.0,6199.0,291155.9,6.7,125.9,51.2,59.8,33.4,129.4
2023,新疆,399.3,-10.8,3011.4,136.3,,,1313.0,,43.6,1350.4,44.8,2606.4,170.4,1288.3,113.5,1270.1,113.7,860.6,-72.2,339.4,193.1,841.9,446.4,1076.9,88.1,372.5,13.3,79175.1,-31.0,4.8,13351911.7,-4.3,6428523.2,-8.8,6923388.5,0.3,665475.2,10.1,2634124.3,199646.8,33798.4,20508.6,-19.7,2553025.5,3.6,60856.6,3.4,1644421,48794,5710.4,24.7,2627.9,2582.7,22302400,9896800,2995681.4,2475989.7,-63656.9,5054806.2,9307974.4,20094.0,881320.6,15.4,115.9,49.6,54.7,42.1,132.0
2023,辽宁,555.9,-30.5,5254.0,139.1,,,2577.5,,49.1,2247.7,42.8,4475.9,10.6,1689.8,120.0,1637.0,111.0,1330.9,-19.7,248.8,130.6,1472.6,217.2,880.2,71.6,420.2,16.0,212207.1,-21.8,240.4,13486632.7,-4.5,6673103.8,-5.3,6813528.9,-3.6,665842.9,14.8,3243763.8,53111.2,27655.9,122185.5,-22.5,2013519.8,-8.3,68463.4,8.0,1831541,23036,6478.6,36.3,3720.7,3564.3,43326307,5218307,4208328.6,3088795.3,408087.8,8106543.8,13646747.0,31655.0,1122713.1,13.3,125.6,40.4,47.9,19.6,87.3
2023,吉林,356.9,-26.7,3055.3,36.9,,,1380.0,,45.2,1460.5,47.8,2547.1,114.1,850.8,71.7,805.7,68.4,635.6,-32.8,149.1,101.5,687.1,163.7,433.0,37.6,244.2,19.1,113648.9,-20.5,163.7,7629545.6,-2.4,3781320.6,-3.1,3848225.0,-1.7,459703.8,18.7,2428072.9,30388.4,29129.8,71849.5,-6.6,1530981.8,25.2,43824.0,58.0,872212,26413,4183.0,16.3,1923.9,1829.7,29089030,2399750,1924412.1,1692173.6,-157659.9,3732078.7,8072064.0,21145.0,562490.4,15.3,130.6,36.4,45.4,19.8,79.4
2023,黑龙江,333.3,-3.5,3947.8,110.0,,,1773.9,,44.9,1740.8,44.1,3229.4,90.9,1211.0,80.6,1127.6,76.7,913.6,-40.4,239.2,119.0,952.4,258.6,689.3,52.3,273.3,17.3,90301.6,-12.2,7.4,9376425.3,-2.4,4609828.3,-2.5,4766597.0,-2.3,472928.9,23.2,1710451.9,68733.0,13987.2,76941.7,-11.3,1761692.6,-2.7,58951.0,9.5,1361903,55123,7213.0,22.4,2207.7,2110.9,30631560,1400000,2450284.7,2170333.7,-120840.7,5062401.9,9409858.3,31803.0,671417.5,10.9,128.9,39.5,46.3,25.7,82.3
2024,北京,438.3,-29.1,4145.1,49.0,,,1396.1,,33.7,2414.9,58.3,3406.1,41.4,992.1,58.7,962.1,61.5,654.8,-6.7,282.4,53.7,911.1,81.1,486.9,34.4,613.3,5.7,242260.6,-12.6,689.2,7320723.7,-7.7,3670576.9,-8.4,3650146.8,-6.9,771121.7,15.4,28131377.7,,,180384.1,-11.6,1626573.5,-6.3,162191.3,16.2,593995,4629,9230.0,34.8,2173.6,2099.5,84130000,6113360,7504713.9,5104576.3,1549820.8,15434067.7,20264699.8,21981.0,1418604.6,20.1,189.9,45.4,47.3,31.5,110.1
2024,天津,306.2,-15.4,1964.2,56.7,,,735.7,,37.5,1077.3,54.8,1710.9,66.2,704.0,30.6,676.4,20.5,453.7,-8.6,237.1,39.6,656.8,47.2,447.0,3.3,212.0,13.9,87085.8,-24.7,41.8,4994651.1,-3.6,2526316.3,-4.0,2468334.8,-3.2,386654.1,19.2,1565487.7,,,45898.0,-8.0,987728.4,-4.4,141745.9,160.1,403963,4884,3366.0,15.3,1578.3,1560.3,50775000,2063040,1715555.9,1407654.8,72116.9,3205205.3,6320032.2,12238.0,468329.6,22.4,144.0,51.6,56.0,24.7,130.0
2024,河北,561.8,-25.0,9082.3,230.7,,,3761.7,,41.4,4927.6,54.3,8097.8,204.9,3345.7,166.0,3098.3,114.4,1962.3,-58.4,1118.6,227.7,2012.7,1332.9,1897.3,1.9,785.7,11.3,355046.5,-3.2,28.4,17935946.5,-12.0,8719710.2,-12.1,9216236.3,-11.9,1416625.8,17.5,9739125.4,,,240652.2,-6.4,3932404.8,-10.5,163384.1,26.4,2882317,48704,16207.8,56.1,5558.4,5438.5,102660000,17254400,6249324.3,4847709.0,365851.5,11498078.4,18513572.3,39391.0,1500621.8,7.6,123.1,45.3,43.0,49.4,115.3
2024,上海,603.1,-7.6,4803.6,111.8,,,2003.2,,41.7,2295.3,47.8,4028.2,150.4,1300.6,95.2,1245.6,92.3,853.1,13.9,366.3,99.6,1260.4,40.3,623.7,-8.9,656.7,9.7,596337.9,0.7,1441.1,7405761.5,-5.2,3773896.0,-5.0,3631865.5,-5.4,660997.2,21.0,8291466.4,,,222809.9,-7.9,1748891.0,-1.5,196286.2,83.1,821973,4962,7099.0,27.6,2768.1,2664.5,88740000,2270000,7266088.2,5075815.2,1061251.4,18312313.1,18023559.1,20180.0,1472110.0,24.3,193.7,52.4,56.9,15.2,120.1
2024,江苏,1102.4,-51.0,11234.5,207.2,,,3862.1,,34.4,6421.8,57.2,9520.4,133.9,4891.3,136.8,4691.4,141.4,2758.2,-167.0,1831.0,312.1,3391.4,1499.9,2945.4,-6.7,1402.3,4.7,711382.2,-13.1,440.1,24359903.7,-5.2,11982432.4,-5.5,12377371.4,-5.0,2010124.9,0.3,8551211.5,,,432075.1,4.5,4328282.5,-2.8,241516.4,-7.6,4808436,45361,22014.1,85.8,8011.6,7775.7,146980000,36846960,14028200.4,9032638.8,2693077.3,26259262.3,25741472.7,49983.0,2049796.3,12.9,131.8,57.4,52.7,71.8,134.9
2024,浙江,1004.8,-57.4,9638.5,235.3,,,3239.7,,33.6,5625.3,58.4,8224.0,208.0,3767.4,158.9,3428.3,151.5,2637.4,-13.2,971.0,174.6,2249.4,1517.9,2057.8,5.3,1121.5,5.8,473159.6,-5.5,255.8,21956826.7,-4.8,10711644.9,-5.7,11245181.8,-4.0,1863729.3,-0.3,8087212.3,,,264979.4,0.5,2803335.2,2.3,217319.0,14.2,4469702,33081,16147.0,78.3,8332.3,7442.1,129297344,7970000,11806609.9,7883148.9,2314144.5,23525519.7,23575147.9,40736.0,1925171.6,15.1,144.5,56.5,44.7,92.7,120.8
2024,福建,635.8,-35.2,5061.3,91.0,,,1929.7,,38.1,2866.2,56.6,4540.4,106.6,2266.5,5.2,2122.6,17.9,1514.2,-133.4,657.1,162.5,1439.6,826.9,1090.2,-102.7,529.3,7.0,239020.7,-26.8,357.8,13341239.6,-6.1,6590771.3,-6.4,6750468.3,-5.8,829527.3,4.7,11248276.3,,,151042.0,-21.1,2548316.9,-5.3,158668.1,-20.0,1902288,32066,7158.0,48.0,4056.6,3816.8,64420000,6720000,5407181.0,3690364.0,813447.8,11563376.6,15165809.3,26073.0,918290.0,15.2,120.7,54.1,47.8,70.0,130.3
2024,山东,1066.4,-35.2,12302.3,163.0,,,4692.8,,38.1,6725.6,54.7,10579.0,157.5,4844.2,262.3,4542.5,216.6,3215.5,97.7,1531.5,173.5,3646.6,1197.6,2897.0,92.7,1111.9,8.8,584937.4,-16.6,111.8,35853595.2,-4.8,17727380.2,-4.9,18126215.1,-4.7,2085958.7,11.2,12351747.1,,,303332.9,-5.3,6339207.9,-2.6,270296.1,2.8,4714714,35356,14352.4,71.1,7959.0,7747.8,121590000,36384800,9073046.4,6108444.3,1431067.6,15745301.6,23140350.9,48712.0,1704427.5,10.6,122.0,48.1,54.4,35.4,118.1
2024,广东,1671.2,-112.5,18281.3,1044.0,,,6627.1,,36.3,10915.3,59.7,16572.9,758.2,5049.5,225.6,4805.4,207.0,3193.7,43.4,1503.5,154.6,3893.7,1155.9,2810.1,-70.8,1960.1,6.4,1697333.9,28.5,2495.0,34676053.1,-4.4,17450101.0,-5.0,17225952.1,-3.8,3710384.4,8.1,22785169.9,,,1481232.4,39.9,5368505.1,-2.8,631900.0,28.2,4584336,68232,22979.3,112.6,10664.2,10335.0,194890000,41280000,21115958.2,13499003.4,5267073.2,58899846.8,47873581.7,81137.0,3334284.6,13.1,143.0,39.5,40.1,37.5,100.6
2024,海南,178.4,-0.3,1236.2,29.4,,,414.2,,33.5,767.9,62.1,1139.4,45.4,609.3,31.1,596.8,33.0,421.9,-10.9,169.7,44.2,360.0,249.3,381.1,23.3,161.7,15.3,29045.6,-13.3,16.9,3250446.8,-5.3,2013327.1,-4.8,1237119.7,-5.9,334558.3,18.5,2172250.1,,,19670.2,-6.9,469714.0,-6.3,533944.8,112.3,458325,1117,1964.0,10.1,1192.0,1176.0,24299600,-4670000,1357514.7,1048612.4,78589.3,2514251.1,3585856.7,6696.0,389816.0,17.0,118.0,58.1,54.4,64.4,177.2
2024,山西,268.0,-10.7,4347.6,118.9,,,1669.7,,38.4,2494.1,57.4,3822.9,101.7,1733.9,128.8,1696.7,126.2,1305.1,-2.0,390.1,125.6,1417.8,316.1,921.0,44.7,362.8,10.2,135093.0,-6.3,1.3,12256729.2,-5.0,6052872.8,-5.5,6203856.4,-4.6,667633.8,8.1,7215474.6,,,118769.5,-0.1,1615057.4,-3.6,79402.2,25.4,2425223,36556,7251.2,32.5,2922.9,2890.2,62290000,10100000,3151957.3,2466921.8,188581.3,5782605.8,10970096.3,25949.0,769595.7,7.8,126.2,50.3,62.0,27.2,119.0
2024,安徽,492.1,-18.3,6825.8,207.9,,,2534.6,,37.1,3871.4,56.7,5969.9,206.8,3181.6,234.5,3016.5,212.1,2169.0,-14.3,844.7,256.8,2069.9,1111.7,1901.8,12.8,655.9,12.5,176119.4,-18.0,88.3,13774545.0,-4.4,6673326.7,-4.6,7101218.3,-4.1,1215269.7,8.3,5225775.7,,,117921.5,1.7,2648985.9,-3.5,156442.0,0.4,3025872,40950,9300.4,45.1,5212.9,5047.6,67060000,14046000,5667989.9,3748208.8,920249.0,10163026.8,13775893.6,30095.0,1270776.3,8.0,111.5,52.0,54.0,48.5,115.8
2024,江西,433.5,-14.6,4963.6,112.6,,,1622.2,,32.7,2824.3,56.9,4271.4,97.8,2194.4,103.2,2119.6,89.9,1345.7,4.4,702.6,166.4,1504.9,689.5,1555.7,68.0,469.5,13.3,102578.2,-9.1,7.0,10202488.5,-6.1,4970669.7,-6.1,5231818.8,-6.0,897496.5,10.9,2837522.8,,,75399.6,1.6,1722190.7,-3.4,188734.4,237.2,2689399,29777,6718.0,39.0,3096.5,2975.8,48720000,11050000,4164431.0,2749373.3,549237.3,7484011.8,9484459.6,23617.0,832771.8,9.6,110.3,48.7,52.4,42.3,129.2
2024,河南,544.3,-37.4,11143.6,211.6,,,3992.6,,35.8,6544.7,58.7,9945.7,216.1,4404.0,143.4,4363.1,138.3,2874.4,-54.1,1488.4,213.8,3140.1,1263.9,2006.7,-38.2,1043.2,11.6,227461.6,-12.2,10.3,26904117.8,-4.5,13149422.7,-4.6,13754695.1,-4.5,2346573.5,18.5,13483637.4,,,226673.1,-6.6,5546686.5,-3.1,242687.4,10.9,2483210,42872,13034.0,63.7,6877.8,6801.7,106120000,5932160,8297913.0,5727357.2,1214377.7,13872055.6,21057852.9,43012.0,1346292.4,5.6,113.9,45.0,54.2,31.7,122.2
2024,湖北,414.9,-19.4,6597.3,277.1,,,2584.1,,39.2,3577.3,54.2,5784.5,319.0,2665.5,171.2,2488.9,124.1,1602.7,-14.5,956.5,163.6,1854.3,811.2,1703.4,30.8,619.1,13.7,96397.6,-21.2,25.0,14176437.1,-4.4,6943338.9,-4.7,7233098.2,-4.1,1168011.4,16.9,6745912.2,,,82051.7,0.3,2839830.1,-4.1,217340.3,3.3,3270993,37451,10651.2,46.2,4601.5,4447.1,63360000,3804560,5630114.3,3948696.0,785517.6,11100724.7,15515944.1,34008.0,1165835.2,7.1,113.1,45.7,47.9,41.3,113.8
2024,湖南,540.4,-8.3,8042.2,310.4,,,3084.0,,38.3,4667.5,58.0,7009.1,316.5,2927.2,183.1,2784.0,190.4,1719.5,-83.4,947.5,270.3,1956.9,970.2,1859.9,40.4,779.0,19.5,634486.0,70.2,16.4,22105791.5,-0.8,10932307.9,-0.8,11173483.7,-0.7,1757359.9,22.9,6326283.4,,,402515.2,66.6,4300989.4,-1.0,207455.0,8.7,3413071,47163,8967.0,48.4,4435.4,4178.4,81160000,15310000,6108019.6,4111708.5,763320.5,10440005.2,14171857.1,36287.0,1186888.5,8.3,123.0,44.8,48.2,39.1,113.1
2024,内蒙古,188.7,-8.3,3084.6,32.5,,,1203.5,,39.0,1762.8,57.1,2661.2,-0.3,978.8,30.3,941.2,30.8,661.3,-31.5,279.6,64.8,846.0,132.8,687.2,39.0,315.7,11.7,49905.1,-23.2,3.4,8282510.6,-5.9,4130316.8,-6.0,4152193.8,-5.8,537156.7,6.6,2359166.8,,,46459.0,-7.8,1547986.7,-4.4,49563.3,23.4,2035997,79279,5622.0,23.5,1882.2,1828.4,60280000,2302080,2694286.5,2258775.6,-105639.5,5876811.4,11134890.0,25819.0,1260543.1,7.9,129.2,41.0,50.1,19.0,89.3
2024,广西,440.5,-37.2,6209.6,87.8,,,2515.4,,40.5,3340.5,53.8,5493.6,43.1,2507.2,191.7,2377.4,176.8,1591.7,35.8,797.1,140.2,1421.9,1085.2,1381.7,4.7,515.0,9.6,155702.5,-17.6,12.2,10217397.5,-6.3,5017165.8,-6.5,5200231.6,-6.0,1135764.5,6.1,3526370.2,,,83050.5,-7.6,1957071.9,-4.9,85408.6,8.8,2818566,46234,10645.0,43.1,4191.1,3973.2,59450000,6880000,4547907.5,3173176.0,467714.3,8307673.9,11685162.8,25447.0,1023643.4,8.8,123.9,50.0,49.4,50.8,138.0
2024,重庆,576.0,-18.7,4485.2,99.6,,,1740.3,,38.8,2321.1,51.8,3771.8,85.7,1609.4,56.7,1517.1,39.9,1141.2,-48.0,373.1,107.6,1166.5,442.9,1147.1,32.4,399.5,11.2,130506.6,-12.8,61.3,12634722.8,-2.2,6290335.5,-2.2,6344387.4,-2.1,828157.4,12.4,3642290.2,,,91761.2,1.5,2588473.8,-1.5,466729.6,166.8,1770170,8365,3795.0,36.5,3086.9,2971.9,39438400,1680742,3607927.1,2788776.7,217703.3,6774613.6,10630740.2,15840.0,824556.2,18.1,140.6,50.4,50.7,49.8,115.3
2024,四川,1892.5,-50.4,9914.8,213.0,,,4026.5,,40.6,5770.3,58.2,9339.0,495.9,3941.4,173.5,3786.0,157.9,2430.2,-154.1,1240.0,333.4,2287.9,1653.5,3482.3,146.4,1010.3,11.7,327942.6,-18.5,37.7,29923227.7,-2.7,14717693.6,-2.8,15205534.1,-2.5,2001039.9,15.0,8582655.1,,,178111.8,-4.5,5287627.8,-2.3,285575.1,55.2,5868753,64645,13395.6,67.5,7135.7,7004.8,96119040,1716160,8256267.8,5859434.0,158677.3,15346338.5,20555142.7,43592.0,1712619.0,22.6,118.5,47.1,45.5,49.5,110.8
2024,贵州,223.6,-1.1,4682.2,127.8,,,1830.8,,39.1,2657.6,56.8,4357.5,190.3,1701.1,132.8,1631.1,140.7,914.3,-49.7,733.8,188.4,1147.0,554.1,1129.2,61.0,471.8,13.3,65882.6,-18.5,2.7,15397161.9,-2.0,7634122.1,-2.3,7763039.8,-1.7,1058163.0,10.9,2205857.0,,,65738.1,-2.9,2884601.1,0.8,89823.1,24.4,2173268,35358,5498.0,39.3,2794.1,2761.5,45999200,3040000,3957130.7,2870551.0,443690.6,6877663.0,10773787.2,17972.0,806192.3,5.8,121.3,44.1,52.4,33.1,118.3
2024,云南,238.3,-8.8,5332.7,119.7,,,1784.9,,33.5,3085.2,57.9,4640.3,142.9,1904.4,126.1,1834.3,129.5,1312.2,-37.3,508.3,148.2,1288.5,615.9,1291.3,-17.3,502.2,10.8,102828.5,-20.0,6.9,17273604.3,-4.0,8531682.8,-4.1,8741921.5,-3.9,1217485.7,8.9,2843618.6,,,95230.6,-8.9,2351520.2,0.8,89047.8,35.7,3712752,56016,7873.3,48.4,3422.5,3359.4,43360000,8390000,5080896.0,3430316.8,820402.8,9160613.2,12532793.8,22484.0,1310685.9,5.1,114.6,40.9,51.2,28.8,104.6
2024,西藏,97.4,8.9,353.5,11.0,,,125.4,,35.5,214.0,60.5,331.4,13.7,159.2,13.7,152.6,14.8,102.8,-6.5,52.6,21.2,131.2,28.0,92.4,6.4,65.6,16.6,6007.9,-20.8,2.9,1338815.5,-5.6,674389.5,-6.1,664426.1,-5.1,121743.4,22.5,212219.9,,,32201.1,-4.4,260193.2,-5.9,7233.0,5.4,748020,37852,3380.0,7.0,331.0,324.4,5426800,1990000,693329.2,687392.0,-124726.6,1776935.8,2506393.5,4824.0,330298.5,26.3,95.5,43.0,89.3,12.5,129.1
2024,陕西,643.3,-21.0,5250.4,296.2,,,1908.1,,36.3,2869.0,54.6,4483.0,136.5,2029.0,107.8,1853.5,26.8,1250.4,-77.2,633.4,167.6,1423.6,605.5,1414.3,29.7,487.4,13.9,144596.9,1.9,9.0,12108923.2,-5.8,5955981.3,-6.2,6152942.0,-5.4,988281.5,12.7,7382999.5,,,112414.6,-25.3,2903064.7,-18.0,218795.0,15.1,2125175,33227,5205.3,41.2,3397.1,3274.0,90890000,21160000,4496299.6,3316723.1,354060.5,7938598.5,12651333.6,28272.0,996473.7,16.3,132.8,51.3,54.4,45.3,123.6
2024,甘肃,298.9,-7.7,2943.6,49.6,,,1115.4,,37.9,1666.0,56.6,2637.1,23.8,1252.8,66.0,1230.4,67.6,682.8,-53.9,481.9,113.9,802.0,450.8,772.7,15.9,299.1,10.3,41099.6,-26.7,1.8,7400418.5,-5.4,3621018.0,-5.6,3779940.5,-5.2,560582.0,7.3,1969170.1,,,38438.3,-11.6,1460993.9,-5.1,72178.9,14.5,1703126,43529,4949.1,24.5,2404.7,2369.4,35440000,5337120,2472561.9,1903618.7,11709.5,4621224.6,8029133.7,14624.0,826459.0,12.2,119.7,51.0,57.4,42.5,116.6
2024,青海,161.3,5.4,762.7,23.6,,,263.5,,34.5,472.0,61.9,708.5,22.3,308.6,18.1,296.8,24.0,207.0,0.2,96.7,17.5,225.9,82.8,200.0,6.7,101.4,16.5,8848.1,-14.1,0.1,1604525.4,-5.5,809400.5,-6.0,795124.9,-5.0,244708.2,21.0,1649763.2,,,10545.6,1.6,365401.7,-6.1,12995.8,14.4,517734,44398,831.0,7.4,528.9,518.1,16980240,3530320,750350.7,634808.4,-60314.3,1601076.2,2751873.4,6139.0,302115.8,27.2,128.6,52.0,59.6,38.7,130.9
2024,宁夏,50.0,1.1,936.2,18.1,,,301.4,,32.2,595.0,63.6,849.1,30.0,387.4,14.4,378.1,12.8,260.7,-3.6,118.2,20.5,305.6,81.7,300.7,5.7,119.4,13.8,24438.7,-54.0,0.8,2206130.3,-3.0,1108560.8,-3.3,1097569.5,-2.6,251599.6,20.6,984419.1,,,15424.8,-2.9,473058.4,-1.3,44767.3,59.6,387866,11146,1343.0,6.5,725.8,719.1,17280000,2000000,837982.2,691735.5,-3786.5,1756532.5,2894185.2,6401.0,353472.8,6.9,128.4,53.1,61.5,35.2,134.8
2024,新疆,403.0,3.7,3048.4,37.0,,,1076.0,,35.3,1723.9,56.6,2647.6,41.1,1351.6,63.4,1334.1,64.0,838.3,-22.3,431.4,92.0,915.0,436.7,1147.7,70.8,385.4,13.6,52677.3,-33.5,2.6,13531224.8,1.3,6425555.3,-0.1,7105669.5,2.6,788648.7,18.5,2370742.8,,,19012.7,-7.3,2448526.1,-4.1,55411.7,-9.0,1783974,50521,4780.4,26.3,2823.9,2781.8,25520960,3218560,3029599.8,2448981.4,7683.1,5269627.1,9847358.4,20058.0,967997.0,15.4,116.2,51.5,57.8,42.0,139.6
2024,辽宁,523.6,-32.3,5348.1,94.2,,,2080.6,,38.9,2893.1,54.1,4525.4,49.6,1783.8,94.0,1732.8,95.8,1266.6,-64.3,394.4,145.6,1542.7,241.0,977.2,97.1,425.3,10.6,185382.8,-12.6,190.2,12533462.9,-7.1,6185928.6,-7.3,6347534.3,-6.8,755874.2,13.5,4007915.0,,,115654.8,-5.3,2083902.2,3.5,97037.5,41.7,1873762,21284,6834.3,38.5,3852.6,3709.6,58486783,15160476,4237628.5,3092931.4,422896.1,8381534.3,14253681.0,31264.0,972451.6,12.6,128.7,42.9,50.1,22.5,91.9
2024,吉林,338.6,-18.4,3094.3,38.9,,,1134.3,,36.7,1812.7,58.6,2659.7,112.7,919.0,68.2,870.6,65.0,648.6,13.0,219.4,70.3,737.6,181.4,444.8,11.8,248.5,12.1,84537.2,-25.6,10.9,7220021.9,-5.4,3597529.3,-4.9,3622492.6,-5.9,546367.6,18.9,2909490.6,,,57047.4,-20.6,1465780.5,-4.3,53549.8,22.2,979105,26944,4223.0,16.3,1952.7,1872.8,34840000,5750970,1917849.2,1682060.4,-170533.6,3748124.5,8419329.4,20761.0,428966.5,14.6,133.5,39.7,48.4,22.9,86.6
2024,黑龙江,313.6,-19.7,3843.9,-103.9,,,1391.1,,36.2,2204.7,57.4,3287.2,57.7,1271.9,60.9,1187.3,59.6,897.8,-15.7,324.6,85.4,996.0,276.0,702.0,12.7,288.4,16.5,68325.5,-24.3,5.2,8917847.9,-4.9,4374620.5,-5.1,4543227.4,-4.7,601046.6,27.1,1762508.6,,,68162.5,-11.4,1693848.2,-3.9,69436.7,17.8,1434210,55369,6813.0,24.0,2231.5,2146.3,40458560,9827000,2504853.8,2168444.1,-122274.7,5370680.5,10143823.6,31189.0,932160.1,10.4,126.9,42.0,48.3,28.5,86.9
